,full_name,code,team,element_type,now_cost,total_points,points_per_game,minutes,goals_scored,assists,goals_conceded,clean_sheets,influence,creativity,threat,id,player_name,time,xG,xA,shots,key_passes,yellow_cards,npxG,xGChain,xGBuildup,xP
287,Son Heung-min,85971,18,3,120,258,7.4,3009,23,10,30,18,1201.8,1051.5,1296,453,Son Heung-Min,3051,16.99217385,7.846953537,86,73,2,16.99217385,29.62477569,10.34309316,261.5
222,Mohamed Salah,118748,12,3,130,265,7.6,2758,23,14,22,17,1241.0,875.9,2230,1250,Mohamed Salah,2757,24.36429724,9.79082047,139,62,1,19.79728423,32.15880717,11.221982,261.5
303,Trent Alexander-Arnold,169187,12,2,75,208,6.5,2853,2,12,22,18,865.2,1449.1,515,6615,Trevoh Chalobah,1459,1.177585544,0.265964285,9,4,2,1.177585544,7.682926476,7.431490391,204.5
160,João Cancelo,121145,13,2,70,201,5.6,3227,1,11,25,19,796.0,786.9,851,2379,João Cancelo,3233,4.544123705,6.00932494,81,39,7,4.544123705,26.88752321,21.15213396,204.5
128,James Maddison,172780,10,3,80,181,5.2,2454,12,11,41,5,827.4,706.2,770,6818,James Maddison,2480,6.496711371,5.674207332,72,48,3,6.496711371,14.60679877,5.826919468,194.33333333333334
139,Jarrod Bowen,178186,19,3,85,206,5.7,2987,12,17,46,8,822.2,627.2,1223,1776,Jarrod Bowen,3003,12.92943069,5.819739578,80,41,6,12.92943069,21.70069078,6.549720867,194.33333333333334
170,Kevin De Bruyne,61366,13,3,120,196,6.5,2196,15,8,22,13,1005.8,1222.0,880,447,Kevin De Bruyne,2214,5.949964629,11.26017386,78,87,2,5.949964629,20.31784094,9.413899871,194.33333333333334
105,Harry Kane,78830,18,4,115,192,5.2,3231,17,11,40,14,1036.4,674.0,1798,647,Harry Kane,3229,20.68506529,9.818287723,133,48,5,17.64039,31.89218297,9.808405856,193.0
15,Alisson Ramses Becker,116535,12,1,55,176,4.9,3240,0,1,24,20,721.4,10.0,0,1257,Alisson,3240,0.0,0.128067985,0,1,0,0.0,9.494231097,9.366163127,181.0
146,Joel Matip,60914,12,2,60,170,5.5,2790,3,3,21,17,711.4,195.3,509,332,Joel Matip,2790,2.720767443,2.078828115,34,12,2,2.720767443,15.50367435,13.80982319,179.66666666666666
18,Andrew Robertson,122798,12,2,70,186,6.4,2537,3,11,20,17,708.2,900.7,372,1688,Andrew Robertson,2550,2.271189099,6.197533656,19,55,5,2.271189099,18.61965583,14.27739758,179.66666666666666
310,Virgil van Dijk,97032,12,2,65,183,5.4,3060,3,3,21,21,726.4,150.3,455,833,Virgil van Dijk,3060,2.169587526,1.557333948,35,9,3,2.169587526,16.26756427,16.18763252,179.66666666666666
76,Diogo Teixeira da Silva,194634,12,4,90,175,5.0,2357,15,7,19,14,736.8,538.2,1379,6854,Diogo Jota,2401,17.34798685,5.874596626,90,40,3,17.34798685,25.77839158,6.919246885,175.0
40,Bukayo Saka,223340,1,3,80,179,4.7,2978,11,9,39,13,790.4,977.8,1434,7322,Bukayo Saka,3034,9.905908005,7.63138089,97,68,6,8.38357033,19.44989771,9.058581024,174.5
207,Mason Mount,184341,6,3,80,169,5.3,2358,11,11,25,11,823.8,944.9,995,7768,Mason Mount,2367,8.522425089,7.212918352,76,58,4,7.761256311,18.23221424,7.473152038,174.5
57,Cristiano Ronaldo dos Santos Aveiro,14937,14,4,105,159,5.3,2454,18,3,41,8,800.4,421.9,1535,2371,Cristiano Ronaldo,2468,17.21283987,4.424966127,110,26,8,14.92933339,23.25371291,7.720640169,159.0
82,Ederson Santana de Moraes,121160,13,1,55,155,4.2,3330,0,0,26,20,561.2,0.0,0,6054,Ederson,3330,0.0,0.0,0,0,3,0.0,9.952974223,9.952974223,157.66666666666666
110,Hugo Lloris,37915,18,1,55,158,4.2,3420,0,0,40,16,746.2,23.0,0,637,Hugo Lloris,3420,0.0,0.206324298,0,2,2,0.0,5.441955624,5.235631322,157.66666666666666
27,Aymeric Laporte,146941,13,2,60,160,4.8,2830,4,2,24,18,660.0,201.0,348,2498,Aymeric Laporte,2848,4.454538737,0.611626728,35,9,5,4.454538737,18.63745562,18.22057494,154.0
276,Rúben Gato Alves Dias,171314,13,2,60,141,4.9,2401,2,5,18,14,581.2,225.2,268,8961,Rúben Dias,2403,2.535038081,3.157990403,18,16,5,2.535038081,16.94048325,16.11795911,154.0
255,Raphael Dias Belloli,219961,11,3,70,145,4.1,2916,11,4,68,5,770.8,928.6,915,8026,Raphinha,2940,10.23054277,6.939143706,87,64,7,7.185867405,17.0025534,6.288567488,152.33333333333334
254,Raheem Sterling,103955,6,3,100,163,5.4,2121,13,7,17,13,730.8,613.2,1188,618,Raheem Sterling,2119,15.77813596,5.024925258,58,42,1,13.49462943,23.09551394,9.665588729,152.33333333333334
316,Wilfried Zaha,82403,7,3,70,150,4.5,2759,14,2,34,11,777.2,660.5,1001,522,Wilfried Zaha,2762,10.18411793,4.893215872,69,46,4,4.855935965,12.10089801,3.808694246,152.33333333333334
34,Bernardo Veiga de Carvalho e Silva,165809,13,3,70,155,4.4,2856,8,8,23,16,739.4,876.1,958,3635,Bernardo Silva,2865,7.771977244,6.567136323,48,59,6,7.771977244,25.98425183,14.36225124,152.33333333333334
259,Reece James,225796,6,2,60,141,5.4,1863,5,9,22,7,605.2,733.4,440,8067,Reece James,1866,2.543488082,7.030301146,37,48,4,2.543488082,15.9818927,11.94056059,150.5
132,James Ward-Prowse,101178,17,3,65,159,4.4,3215,10,5,65,7,970.0,1170.6,413,843,James Ward-Prowse,3222,5.089495884,6.395681728,55,71,3,2.044820508,11.12964886,9.245466953,149.2
37,Bruno Borges Fernandes,141746,14,3,100,151,4.2,3110,10,7,54,8,906.6,1291.9,910,1228,Bruno Fernandes,3135,9.285308836,8.811853212,89,88,10,7.762971139,22.98672084,11.1422598,149.2
159,José Malheiro de Sá,149065,20,1,50,146,3.9,3285,0,1,40,11,947.0,30.0,0,9740,José Sá,3291,0.0,0.39501904,0,2,3,0.0,2.492332662,2.097313623,143.0
199,Marc Cucurella Saseta,179268,5,2,50,126,3.6,3089,1,1,39,11,679.8,700.8,207,7134,Marc Cucurella,3102,0.729302244,2.871597765,18,42,6,0.729302244,11.11178769,9.069734023,140.71428571428572
214,Matty Cash,199796,2,2,50,147,3.9,3377,4,3,50,13,754.8,432.1,534,8864,Matthew Cash,3386,2.483257779,2.902314514,37,28,8,2.483257779,11.00866912,7.563899601,140.71428571428572
117,Ivan Toney,144485,4,4,70,139,4.2,2908,12,5,47,8,717.8,573.6,1320,998,Ivan Toney,2905,12.04858445,7.343531036,88,43,8,8.242777068,12.16912108,2.393365053,139.5
218,Michail Antonio,57531,19,4,75,140,3.9,2975,10,10,43,7,649.2,615.6,1274,531,Michail Antonio,2994,12.78862318,5.767141381,83,46,6,12.02745428,21.07401631,6.651938524,139.5
181,Leandro Trossard,116216,5,3,65,141,4.1,2803,8,4,33,11,627.6,708.3,1020,7698,Leandro Trossard,2830,7.961577551,5.277912248,73,47,2,7.200408699,16.13906214,5.856929445,134.6315789473684
204,Martin Ødegaard,184029,1,3,65,131,3.6,2782,7,4,39,11,676.6,1073.2,639,2517,Martin Odegaard,2803,4.223580375,6.601954004,53,75,4,4.223580375,18.23506172,10.91330955,134.6315789473684
114,Ilkay Gündogan,59859,13,3,75,124,4.6,1851,8,5,10,14,549.2,613.8,798,314,Ilkay Gündogan,1852,9.720696449,4.720961082,55,37,1,9.720696449,21.32914542,8.763400979,134.6315789473684
108,Harvey Barnes,201666,10,3,70,137,4.3,2095,6,12,30,8,546.2,425.3,1000,6681,Harvey Barnes,2108,6.215694452,4.480990872,66,28,2,6.215694452,12.55847304,3.729523107,134.6315789473684
54,Conor Gallagher,232787,6,3,60,140,4.1,2843,8,6,38,11,673.8,635.9,672,9040,Conor Gallagher,2863,7.672957666,4.1431686,52,39,10,7.672957666,14.21198064,5.389100716,134.6315789473684
250,Phil Foden,209244,13,3,80,137,4.9,2125,9,6,16,13,580.8,716.4,954,6055,Phil Foden,2141,9.263243042,6.833740674,57,40,1,9.263243042,19.27443908,6.218502756,134.6315789473684
263,Riyad Mahrez,103025,13,3,80,135,4.8,1485,11,7,14,7,616.8,631.6,842,750,Riyad Mahrez,1468,10.12358599,3.932822068,61,40,0,6.317741683,14.36691327,6.279026715,134.6315789473684
278,Saïd Benrahma,172841,19,3,60,138,4.3,2162,8,6,27,9,561.0,476.4,737,3585,Said Benrahma,2208,6.15502933,4.772109419,63,32,0,6.15502933,13.89449906,4.217210844,134.6315789473684
1,Aaron Ramsdale,225321,1,1,50,135,4.0,3060,0,0,39,12,690.2,1.0,0,5603,Aaron Ramsdale,3060,0.0,0.0,0,0,1,0.0,3.995808562,3.995808562,131.7
189,Lukasz Fabianski,37096,19,1,50,136,3.7,3330,0,0,50,8,918.6,0.0,0,706,Lukasz Fabianski,3330,0.0,0.0,0,0,2,0.0,3.294204729,3.294204729,131.7
88,Emiliano Martínez Romero,98980,2,1,50,129,3.6,3240,0,0,48,11,755.8,0.0,0,4401,Emiliano Martinez,3240,0.0,0.0,0,0,4,0.0,2.479882091,2.479882091,131.7
167,Kasper Schmeichel,17745,10,1,50,131,3.5,3330,0,0,58,7,1076.6,11.2,0,745,Kasper Schmeichel,3330,0.0,0.015869191,0,1,1,0.0,5.707258919,5.691389726,131.7
83,Edouard Mendy,228286,6,1,50,130,3.8,3060,0,0,31,14,585.8,0.0,0,6880,Edouard Mendy,3060,0.0,0.0,0,0,3,0.0,5.087311735,5.087311735,131.7
67,David De Gea Quintana,51940,14,1,50,132,3.5,3420,0,0,57,8,965.8,0.3,0,9676,David Raya,2160,0.0,0.040995967,0,1,1,0.0,4.120815102,4.120815102,131.7
102,Gabriel dos Santos Magalhães,226597,1,2,50,146,4.2,3063,5,0,38,13,746.8,131.6,470,7752,Gabriel Martinelli,1877,8.864315951,4.084667277,51,34,1,8.103147114,10.52859744,2.56051336,131.27272727272728
90,Eric Dier,93264,18,2,50,132,3.8,3071,0,1,30,16,727.4,117.1,195,643,Eric Dier,3071,1.563533336,1.319251936,14,8,1,1.563533336,15.4362247,14.82423672,131.27272727272728
296,Thiago Emiliano da Silva,51090,6,2,55,130,4.1,2649,3,1,28,11,829.4,133.9,229,3288,Thiago Silva,2638,1.073761396,0.253943777,18,7,2,1.073761396,18.045898,17.84714226,131.27272727272728
200,Marc Guéhi,209036,7,2,45,123,3.4,3222,2,1,43,11,720.6,98.5,290,7603,Marc Guehi,3227,2.491802921,1.200649503,19,6,4,2.491802921,7.824273723,7.775642022,131.27272727272728
143,Joachim Andersen,174874,7,2,45,124,3.6,2914,0,4,37,12,630.6,234.0,142,6314,Joachim Andersen,2917,0.484173433,1.383201352,8,18,4,0.484173433,8.210468907,8.000137582,131.27272727272728
53,Conor Coady,94147,20,2,50,138,3.6,3361,4,0,43,11,781.0,45.4,202,6851,Conor Coady,3369,2.326475089,0.07832194,12,3,4,2.326475089,5.348749375,5.322400199,131.27272727272728
134,Jamie Vardy,101668,10,4,95,133,5.3,1801,15,3,27,4,599.8,229.5,775,755,Jamie Vardy,1807,9.991949596,1.605514582,54,18,2,9.991949596,12.63601271,1.998272904,131.0
242,Ollie Watkins,178301,2,4,75,131,3.7,2950,11,3,48,10,613.8,469.6,1345,8865,Ollie Watkins,2970,11.49815112,2.997609952,77,35,7,10.73698231,17.14851334,5.538891929,131.0
201,Marcos Alonso,82263,6,2,55,128,4.6,2164,4,5,22,9,560.2,677.3,566,1621,Marcos Alonso,2185,3.494261967,5.042935017,43,44,8,3.494261967,13.58160692,9.749325514,125.0
265,Robert Sánchez,215059,5,1,45,126,3.4,3330,0,0,42,11,811.0,30.0,0,9098,Robert Sánchez,3330,0.0,0.636246741,0,3,3,0.0,5.044873726,4.75671817,125.0
261,Richarlison de Andrade,212319,18,4,85,125,4.2,2522,10,6,46,7,651.4,383.7,1010,6026,Richarlison,2532,10.01377235,4.383790702,74,29,8,7.73030267,11.76966438,3.004405417,124.0
100,Gabriel Fernando de Jesus,205651,1,4,80,120,4.3,1871,8,8,15,11,567.4,530.9,1126,5613,Gabriel,3075,3.542727418,0.24852202,29,8,6,3.542727418,11.80419115,11.41237204,120.0
39,Bryan Mbeumo,446008,4,4,60,119,3.4,2905,4,7,47,9,459.8,520.6,967,6552,Bryan Mbeumo,2934,9.805262707,3.957221266,77,34,4,9.04409384,17.78692564,6.478674982,118.5
308,Vicente Guaita,40836,7,1,45,119,4.0,2655,0,0,33,11,614.6,0.0,0,2190,Vicente Guaita,2659,0.0,0.0,0,0,2,0.0,3.258347865,3.258347865,116.5
120,Jack Harrison,221399,11,3,60,117,3.3,2638,8,1,68,3,614.6,591.8,687,8720,Jack Harrison,2660,5.154693676,3.448970664,43,42,3,5.154693676,9.215940803,4.422531812,116.5
17,Allan Saint-Maximin,170137,15,3,65,116,3.3,2804,5,7,54,9,575.8,671.5,862,101,Allan Saint-Maximin,2825,5.663676346,5.261043435,64,50,5,5.663676346,14.37779012,3.898579237,116.5
157,Jorge Luiz Frello Filho,85955,6,3,60,106,3.7,2271,6,2,16,12,605.8,429.3,214,1389,Jorginho,2285,5.913261387,2.892732302,16,27,5,0.585079502,16.20184677,15.19344982,114.54545454545455
86,Emile Smith Rowe,209289,1,3,60,125,3.8,1909,10,2,28,8,555.8,453.3,576,7230,Emile Smith-Rowe,1928,5.363847865,3.033006122,40,30,1,5.363847865,10.87411255,4.788454653,114.54545454545455
123,Jacob Ramsey,232653,2,3,55,109,3.2,2465,6,1,35,12,538.2,334.0,432,8941,Jacob Ramsey,2493,3.822880995,2.036960225,34,21,6,3.822880995,11.24665216,6.3338746,114.54545454545455
322,Youri Tielemans,166989,10,3,65,120,3.8,2629,6,4,42,6,723.8,578.9,460,5956,Youri Tielemans,2638,4.266480736,4.306583675,59,37,3,2.744142994,14.25930858,8.546898698,114.54545454545455
268,Rodrigo Hernandez,220566,13,3,60,127,3.8,2884,7,2,22,17,758.2,541.4,444,2496,Rodri,2901,2.718254037,1.552179277,45,27,5,2.718254037,26.25977228,23.95590226,114.54545454545455
244,Pablo Fornals Malla,217593,19,3,55,117,3.2,2795,6,4,38,8,574.8,719.5,532,2335,Pablo Fornals,2805,5.137447748,5.967042696,44,47,4,5.137447748,17.6745791,8.343815597,114.54545454545455
155,Jordan Henderson,56979,12,3,55,110,3.1,2592,2,5,22,15,487.4,659.5,247,605,Jordan Henderson,2616,1.372686027,4.195083426,31,37,3,1.372686027,18.98279453,15.45352918,113.55555555555556
149,John McGinn,122806,2,3,55,110,3.1,3090,3,4,48,10,700.2,777.8,307,7723,John McGinn,3099,1.828072743,5.359244042,43,53,8,1.828072743,12.84035881,8.202694291,113.55555555555556
87,Emiliano Buendía Stati,195546,2,3,60,107,3.1,1887,4,6,32,7,482.8,660.5,531,2203,Emiliano Buendía,1907,3.0539307,4.653005529,44,47,1,3.0539307,10.57356243,5.318293558,113.55555555555556
164,Kai Havertz,219847,6,4,80,112,3.9,1802,8,4,18,10,461.2,329.5,939,5220,Kai Havertz,1829,10.67087702,2.56778034,56,21,3,10.67087702,17.61882034,5.074297678,113.5
101,Gabriel Martinelli Silva,444145,1,3,60,110,3.8,1855,6,7,25,7,475.8,483.3,786,5543,Gabriel Jesus,1885,10.15355978,5.913653579,64,38,1,9.392391063,19.49117254,6.347170256,112.0
307,Tyrone Mings,149484,2,2,45,118,3.3,3188,1,4,49,11,667.2,130.9,309,1024,Tyrone Mings,3186,1.375620168,1.42865013,21,10,11,1.375620168,8.234111977,7.534688179,111.5
156,Jordan Pickford,111234,8,1,45,116,3.3,3150,0,0,58,7,863.2,43.0,0,741,Jordan Pickford,3150,0.0,0.142134244,0,5,2,0.0,1.60981026,1.467676005,111.0
115,Illan Meslier,437495,11,1,45,106,2.8,3384,0,0,79,5,1090.6,0.0,0,8715,Illan Meslier,3396,0.0,0.0,0,0,2,0.0,4.66467051,4.66467051,111.0
301,Tomas Soucek,215439,19,3,55,114,3.3,3061,5,1,46,6,662.0,300.1,690,10293,Toti,360,0.036618195,0.0,1,0,1,0.036618195,0.292554758,0.292554758,110.4
73,Demarai Gray,172632,8,3,55,106,3.1,2336,5,5,39,6,486.2,644.2,758,762,Demarai Gray,2366,4.336391296,4.429345069,65,42,3,4.336391296,10.40098415,3.428601371,110.4
252,Pierre-Emile Højbjerg,132015,18,3,55,109,3.0,3196,2,3,34,16,716.0,439.2,323,343,Pierre-Emile Højbjerg,3202,2.644531404,2.538237823,31,25,3,2.644531404,24.1131754,20.07616986,106.5
213,Matt Targett,169359,15,2,50,101,3.1,2871,1,2,47,9,587.4,635.1,184,884,Matt Targett,2880,1.015099878,3.863800705,13,41,3,1.015099878,7.151031457,3.894083163,106.1
283,Sergio Reguilón,199249,18,2,45,104,4.2,1914,2,4,25,9,468.8,459.9,362,7187,Sergio Reguilón,1929,2.971683174,3.530891318,21,28,4,2.971683174,9.45917459,4.919269068,106.1
84,Emerson Leite de Souza Junior,241157,18,2,50,102,3.3,2282,1,1,26,10,463.0,448.9,298,7430,Emerson,2296,2.020112278,2.450624123,15,28,5,2.020112278,12.5766552,9.261140414,106.1
0,Aaron Cresswell,55459,19,2,50,115,3.7,2726,2,4,38,7,589.2,545.7,187,534,Aaron Cresswell,2734,0.912432691,3.670589474,18,31,3,0.912432691,10.54369721,9.624681314,106.1
306,Tyrick Mitchell,244723,7,2,45,109,3.0,3101,0,2,43,10,619.2,380.5,111,8214,Tyrick Mitchell,3100,0.221380072,1.91496166,4,21,1,0.221380072,8.975605903,7.254512018,106.1
65,Danny Ings,84939,2,4,70,106,3.5,1891,7,6,26,10,448.6,210.9,749,986,Danny Ings,1920,6.84666222,1.444468619,49,15,4,6.085493382,7.999433903,2.108993806,105.5
183,Lewis Dunk,83299,5,2,45,92,3.2,2573,1,0,33,10,570.0,63.5,327,6048,Lewis Dunk,2574,1.492096555,0.405580618,19,3,3,1.492096555,6.847899206,6.832655348,103.46153846153847
215,Max Kilman,214048,20,2,45,106,3.5,2688,1,1,25,10,587.8,68.8,207,7332,Max Kilman,2693,1.377624027,0.144905881,13,3,3,1.377624027,5.232632905,5.062295839,103.46153846153847
61,Dan Burn,78916,15,2,45,92,3.2,2461,1,1,30,9,594.0,83.8,264,7382,Dan Burn,2465,1.611535052,1.453160789,18,6,8,1.611535052,2.96987509,2.94608527,103.46153846153847
253,Pontus Jansson,61810,4,2,45,122,3.3,3321,3,4,56,8,782.0,67.2,476,1801,Pontus Jansson,3325,4.593423018,0.560582502,22,5,7,4.593423018,5.387517378,3.885910407,103.46153846153847
262,Rico Henry,194010,4,2,45,108,3.2,2775,3,0,41,9,451.0,325.4,235,9679,Rico Henry,2796,1.899935867,1.87244322,14,18,2,1.899935867,9.128159147,6.301863744,103.46153846153847
33,Benjamin White,198869,1,2,45,107,3.3,2880,0,0,35,13,592.8,182.3,150,7298,Ben White,2880,0.687735103,1.192177931,12,13,3,0.687735103,10.00104221,9.336444538,102.44444444444444
30,Ben Davies,115556,18,2,50,105,3.6,2537,1,2,30,12,501.4,203.5,254,660,Ben Davies,2542,2.476110392,0.646208635,18,11,6,2.476110392,13.49344429,12.48537182,102.44444444444444
171,Kieran Tierney,192895,1,2,50,106,4.8,1916,1,3,21,11,365.2,335.9,198,8089,Kieran Tierney,1926,0.6144812,1.246631706,15,20,0,0.6144812,6.728196368,5.273796245,102.44444444444444
258,Raúl Jiménez,102057,20,4,70,101,3.0,2630,6,5,32,11,470.8,506.7,746,4105,Raúl Jiménez,2651,7.071381272,3.394019244,57,38,5,6.310212434,12.29031052,4.058562257,101.0
46,Che Adams,200439,17,4,65,103,3.4,2034,7,4,40,5,425.8,337.7,804,7700,Che Adams,2039,8.28928449,2.845940018,49,25,0,8.28928449,10.30094992,1.400627555,100.66666666666667
99,Frederico Rodrigues de Paula Santos,101582,14,3,55,93,3.3,2026,4,5,31,7,587.4,409.1,201,6817,Fred,2038,1.08613577,2.331523776,14,28,5,1.08613577,8.365100576,5.868257768,100.33333333333333
50,Christian Nørgaard,128295,4,3,55,101,2.9,3054,3,4,51,8,694.8,409.8,434,7083,Christian Nørgaard,3068,4.969039853,4.04776888,27,29,8,4.969039853,13.34625125,7.895425524,100.33333333333333
234,Neal Maupay,115382,5,4,65,98,3.1,2269,8,3,31,7,370.4,366.0,721,3621,Neal Maupay,2271,8.24207535,2.442604303,61,23,7,6.719737675,13.33058961,5.462073291,98.0
197,Manuel Lanzini,86934,19,3,55,92,3.1,1777,5,3,29,4,425.4,373.5,201,535,Manuel Lanzini,1801,3.375076437,2.594079362,16,23,2,1.091569904,8.181104831,7.256113593,96.0
70,Declan Rice,204480,19,3,50,95,2.6,3178,1,4,49,8,773.4,401.8,288,5553,Declan Rice,3175,1.044251787,1.555866688,26,23,8,1.044251787,15.58212037,14.24751143,94.5
68,David Raya Martin,154561,4,1,45,95,4.0,2160,0,0,27,8,593.4,10.0,0,546,David de Gea,3420,0.0,0.0,0,0,0,0.0,3.352091365,3.352091365,94.0
203,Martin Dubravka,67089,15,1,45,96,3.7,2340,0,0,35,8,590.8,20.0,0,6532,Martin Dubravka,2340,0.0,0.03341764,0,2,1,0.0,1.671672009,1.638254367,94.0
162,Joël Veltman,111478,5,2,45,95,2.8,2874,1,1,39,8,582.2,275.8,183,8780,Joël Veltman,2895,0.714984847,1.588562053,12,17,6,0.714984847,7.89517783,6.92014489,93.84615384615384
176,Kristoffer Ajer,191866,4,2,45,81,3.4,1995,1,3,32,8,390.0,124.2,184,9677,Kristoffer Ajer,2012,1.065576036,2.211187333,7,8,5,1.065576036,5.553348279,3.835906679,93.84615384615384
216,Michael Keane,106611,8,2,45,102,3.2,2791,3,2,54,8,697.0,97.0,231,1653,Michael Keane,2799,1.20308458,1.339628235,19,8,2,1.20308458,3.247978795,2.648537213,93.84615384615384
245,Pascal Groß,60307,5,3,55,88,3.0,2033,2,5,24,8,475.2,961.8,370,239,Pascal Groß,2044,2.865339752,5.790272625,23,60,1,2.104170928,9.946591126,5.546557792,93.5
3,Abdoulaye Doucouré,121599,8,3,55,90,3.0,2536,2,5,47,5,481.8,285.8,441,1726,Abdoulaye Doucouré,2540,2.653875428,2.418743491,34,20,6,2.653875428,8.230575228,3.837187903,93.5
312,Vitaly Janelt,204580,4,3,55,90,2.9,2295,4,0,37,9,460.6,331.1,400,9680,Vitaly Janelt,2328,2.989834151,1.816803887,30,23,3,2.989834151,7.372112635,3.241403842,93.5
23,Anthony Gordon,232826,8,3,55,100,2.9,2277,4,3,40,7,460.4,523.0,632,8150,Anthony Gordon,2288,3.460314019,3.776888372,44,36,4,3.460314019,7.969531951,3.010283067,93.5
25,Armando Broja,440323,6,4,55,92,2.9,1969,6,2,37,5,280.2,159.2,720,8384,Armando Broja,1986,5.89373021,1.460656822,45,10,2,5.89373021,8.278901407,2.013873902,91.5
47,Chris Wood,60689,15,4,60,91,2.7,2694,5,0,41,6,274.8,265.4,784,4456,Chris Wood,2734,8.213469859,1.365999798,51,19,1,7.452301022,8.77230854,2.923789361,91.5
94,Fabio Henrique Tavares,116643,12,3,55,97,3.3,2311,5,1,18,15,501.8,282.2,310,3420,Fabinho,2320,5.033521069,1.262206163,21,17,7,3.511183379,10.56733483,9.501622329,90.9
79,Douglas Luiz Soares de Paulo,230046,2,3,50,89,2.6,2715,2,3,38,10,503.2,547.9,199,6122,Douglas Luiz,2733,2.220370904,2.44307053,23,36,7,2.220370904,10.23468057,8.437492872,90.9
14,Alexis Mac Allister,243016,5,3,55,93,2.8,2112,5,2,29,6,509.6,490.7,550,8379,Alexis Mac Allister,2102,6.832576186,2.125687505,60,31,4,4.549069689,10.86274033,6.358381733,90.9
277,Rúben da Silva Neves,171317,20,3,55,95,2.9,2659,4,2,34,9,629.6,436.7,237,6853,Rúben Neves,2674,1.120903872,2.243587906,42,25,9,1.120903872,8.249834778,6.516261298,90.9
161,João Filipe Iria Santos Moutinho,19624,20,3,50,96,2.7,2970,2,1,40,11,527.8,660.9,144,3422,João Moutinho,2987,1.124543343,2.769639853,20,39,4,1.124543343,10.46951285,8.526898783,90.9
148,Joelinton Cássio Apolinário de Lira,180974,15,3,60,83,2.4,2554,4,2,46,7,529.6,386.6,583,87,Joelinton,2554,3.816280168,1.880340002,45,29,8,3.816280168,6.516403349,2.558567113,90.9
243,Oriol Romeu Vidal,78056,17,3,50,88,2.4,2890,2,2,52,7,540.6,525.2,247,842,Oriol Romeu,2905,1.503213628,3.038078528,24,37,9,1.503213628,10.6937235,8.413190776,90.9
304,Trevoh Chalobah,180736,6,2,50,99,5.0,1447,3,1,9,9,405.8,105.8,151,8934,Trincão,1359,3.60301365,1.485559454,32,14,0,3.60301365,6.441429265,2.261225926,89.33333333333333
69,Davinson Sánchez,173904,18,2,45,93,4.0,1626,2,1,16,10,421.4,94.3,186,6249,Davinson Sánchez,1618,2.004247263,0.291997366,13,5,4,2.004247263,7.710546969,7.483333822,89.33333333333333
282,Sergi Canós Tenés,174932,4,2,50,81,2.6,2077,3,3,36,8,386.4,283.6,439,1078,Sergi Canos,2128,3.489918232,2.166495033,33,17,6,3.489918232,6.955056019,2.181806399,89.33333333333333
238,Nélson Cabral Semedo,200402,20,2,50,94,3.8,2131,0,1,18,9,346.2,289.3,266,6163,Nélson Semedo,2151,1.390175534,1.362881294,19,18,1,1.390175534,5.291682187,2.852593588,89.33333333333333
239,Odsonne Edouard,199670,7,4,55,87,3.1,1554,6,4,19,9,389.8,265.7,618,3697,Odsonne Edouard,1579,6.533585656,2.171932513,40,21,4,5.772416759,10.20446914,2.602696363,88.4
66,Danny Welbeck,50175,5,4,65,89,3.6,1469,6,4,16,5,361.8,228.9,598,501,Danny Welbeck,1464,8.285233241,0.894957575,43,17,0,8.285233241,11.30901798,2.801730343,88.4
64,Daniel James,200617,11,3,60,91,2.7,2489,4,5,51,5,336.4,348.1,810,8291,Daniel Podence,1491,1.996818364,4.245880706,35,36,2,1.996818364,6.177928649,1.552431699,86.79166666666667
63,Daniel Castelo Podence,200600,20,3,55,70,2.7,1475,2,3,12,9,328.6,493.0,459,5595,Daniel James,2516,7.710608311,4.27820228,54,27,7,7.710608311,12.3084005,1.37793663,86.79166666666667
269,Rodrigo Moreno,80954,11,3,60,85,2.7,2263,6,2,37,5,430.2,558.3,602,2381,Rodrigo,2280,5.61064286,3.645212084,48,39,9,4.849474,10.85146584,3.628704725,86.79166666666667
154,Jordan Ayew,80146,7,3,55,77,2.5,2012,3,4,31,9,349.2,361.3,491,672,Jordan Ayew,2036,4.290388547,3.035931854,35,23,2,4.290388547,9.338773401,3.073912403,86.79166666666667
186,Lucas Rodrigues Moura da Silva,95715,18,3,60,87,2.6,1763,2,6,21,8,390.8,490.0,431,3293,Lucas Moura,1770,3.363733092,5.320137434,37,34,4,3.363733092,13.4665973,6.767044963,86.79166666666667
111,Hwang Hee-chan,184754,20,3,60,81,2.7,1811,5,1,22,7,322.2,268.3,481,8845,Hee-Chan Hwang,1804,4.196405279,1.605707147,27,15,2,4.196405279,8.480331378,3.612597851,86.79166666666667
221,Mohamed Elyounoussi,96787,17,3,55,90,3.0,2039,4,3,35,8,393.4,373.0,719,6894,Mohamed Elyounoussi,2048,6.580140743,2.227863226,43,28,4,6.580140743,8.982661711,2.94287442,86.79166666666667
251,Philippe Coutinho Correia,84583,2,3,70,83,4.4,1327,5,3,17,7,360.8,349.3,445,488,Philippe Coutinho,1364,3.366971786,2.932847482,43,25,0,3.366971786,8.868808291,4.497149966,86.79166666666667
321,Yoane Wissa,216646,4,3,55,92,3.1,1268,7,2,22,3,348.0,133.1,402,5786,Yoane Wissa,1230,3.401830123,0.670594357,32,9,0,3.401830123,4.41632027,1.825305016,86.79166666666667
71,Dejan Kulusevski,445044,18,3,80,99,5.5,1259,5,9,11,9,425.2,368.7,442,6691,Dejan Kulusevski,1276,3.023931991,4.146450033,26,25,3,3.023931991,12.60608615,7.695995979,86.79166666666667
142,Jeffrey Schlupp,86417,7,3,50,86,2.7,1840,4,2,19,8,412.0,249.8,486,757,Jeffrey Schlupp,1836,3.629619202,2.031466283,33,18,1,3.629619202,7.059722852,2.934890281,86.79166666666667
119,Jack Grealish,114283,13,3,70,86,3.3,1910,3,3,8,15,394.4,730.6,923,675,Jack Grealish,1929,5.532431211,5.456199733,44,52,3,5.532431211,18.39808316,9.63363811,86.79166666666667
124,Jadon Sancho,209243,14,3,75,91,3.1,1894,3,4,28,6,363.2,596.7,549,6345,Jadon Sancho,1891,4.233040288,4.07867006,26,42,0,4.233040288,12.36088894,5.444502018,86.79166666666667
104,Hakim Ziyech,124183,6,3,60,79,3.4,1311,4,3,12,7,365.2,458.6,504,8992,Hakim Ziyech,1304,3.038729304,3.926884286,52,30,3,3.038729304,10.71483656,5.66290956,86.79166666666667
179,Kyle Walker-Peters,158534,17,2,45,82,2.6,2630,1,3,49,6,481.8,376.9,425,885,Kyle Walker-Peters,2631,1.327508271,3.327081013,26,24,5,1.327508271,9.220584571,6.448178289,85.53333333333333
91,Ethan Pinnock,231065,4,2,45,90,2.8,2694,1,1,43,7,648.8,151.7,335,9678,Ethan Pinnock,2701,1.746508655,1.724503785,16,12,1,1.746508655,6.184836168,4.275090698,85.53333333333333
299,Timothy Castagne,166477,10,2,45,75,2.8,2124,1,0,30,6,435.4,241.0,103,6157,Timothy Castagne,2118,0.940479709,1.086465174,7,14,1,0.940479709,5.50223912,4.350663316,85.53333333333333
60,César Azpilicueta,41328,6,2,50,87,3.2,2067,1,3,23,7,476.4,310.0,212,681,César Azpilicueta,2084,1.261565106,2.075762263,11,17,3,1.261565106,12.78814657,10.71109037,85.53333333333333
300,Tino Livramento,441191,17,2,45,80,2.9,2200,1,2,42,7,437.2,327.4,221,8288,Tomas Soucek,3062,5.503859863,2.167179637,44,21,3,5.503859863,9.545724794,5.433625508,85.53333333333333
135,Jan Bednarek,171771,17,2,45,94,3.0,2629,4,0,52,7,699.6,88.1,321,6042,Jan Bednarek,2637,2.792329527,0.365881214,19,6,10,2.792329527,6.621772068,6.355031895,85.53333333333333
93,Fabian Schär,119471,15,2,45,88,3.5,2158,2,2,32,6,465.2,115.9,234,76,Fabian Schär,2167,0.83953893,1.479281701,20,9,4,0.83953893,3.370413881,2.830272039,85.53333333333333
55,Craig Dawson,60232,19,2,50,90,2.6,2752,2,3,43,6,712.0,62.4,389,804,Craig Dawson,2760,2.942394931,1.042937383,25,5,5,2.942394931,5.017234069,4.921364752,85.53333333333333
280,Seamus Coleman,59949,8,2,45,79,2.6,2656,1,1,50,7,469.4,232.1,170,585,Seamus Coleman,2663,1.174825341,0.796201125,9,13,4,1.174825341,5.37975883,3.757788988,85.53333333333333
257,Rayan Aït-Nouri,448514,20,2,45,87,3.8,1826,1,4,26,7,390.8,323.2,174,6674,Rayan Ait Nouri,1820,0.546065163,1.645614739,13,17,4,0.546065163,4.461309282,3.481275172,85.53333333333333
185,Lucas Digne,101188,2,2,50,83,2.9,2440,0,4,42,7,538.8,772.7,202,1823,Lucas Digne,2446,0.86121155,3.519787621,18,52,6,0.86121155,7.271079645,5.305216449,83.0
147,Joel Ward,55494,7,2,45,73,2.6,2486,0,0,37,9,455.8,132.5,64,510,Joel Ward,2487,0.340550551,0.325122837,10,6,8,0.340550551,8.686223764,8.220767494,81.85714285714286
92,Ezri Konsa Ngoyo,199798,2,2,45,78,2.7,2477,2,0,43,8,428.2,56.5,251,7726,Ezri Konsa Ngoyo,2494,1.20690145,0.270699829,14,4,4,1.20690145,4.54279319,4.291602271,81.85714285714286
168,Kelechi Iheanacho,173515,10,4,65,80,3.1,1253,4,6,25,1,292.0,242.7,390,620,Kelechi Iheanacho,1236,3.63333348,2.709091203,31,17,1,3.63333348,7.717558667,1.787329374,79.5
291,Stuart Dallas,87873,11,2,50,80,2.4,2920,1,1,66,5,615.8,509.6,288,8718,Stuart Dallas,2929,1.835517709,3.379576163,30,31,5,1.835517709,9.495669229,6.707577156,78.66666666666667
74,Diego Llorente,149915,11,2,45,77,2.8,2341,3,0,44,5,521.8,40.1,142,2163,Diego Llorente,2351,1.977920085,0.047812065,10,2,7,1.977920085,2.175657399,2.175657399,78.66666666666667
231,Nathan Redmond,83283,17,3,55,79,2.9,1827,1,6,33,4,333.6,516.0,310,790,Nathan Redmond,1829,1.632170844,4.070743635,26,34,0,1.632170844,7.37880807,3.211131392,77.0
208,Mateo Kovacic,91651,6,3,50,76,3.0,1552,2,5,11,8,409.6,407.4,198,2254,Mateo Kovacic,1541,1.688831188,4.118142089,22,27,4,1.688831188,12.85138855,9.873720191,76.5
227,N'Golo Kanté,116594,6,3,50,79,3.0,1769,2,5,19,9,455.6,414.3,223,751,N&#039;Golo Kanté,1787,1.76497292,2.200986712,17,24,2,1.76497292,12.65515595,8.979318832,76.5
297,Thomas Partey,167199,1,3,50,71,3.0,2027,2,2,25,10,359.6,275.5,394,2328,Thomas Partey,2045,3.022722241,0.867959756,44,16,6,3.022722241,9.639084514,8.366634782,76.5
43,Callum Wilson,75115,15,4,75,75,4.2,1386,8,0,32,3,319.8,127.3,494,468,Callum Wilson,1401,7.041793791,0.530216236,35,10,4,5.519456093,5.063283892,0.632026653,75.0
292,Takehiro Tomiyasu,223723,1,2,45,75,3.6,1680,0,1,20,9,312.4,240.9,110,7931,Takehiro Tomiyasu,1688,0.387237915,0.999206688,11,12,2,0.387237915,8.340692472,7.479222596,74.14285714285714
178,Kyle Walker,58621,13,2,50,85,4.2,1755,0,2,14,10,274.2,247.8,110,638,Kyle Walker,1759,0.222477279,1.455245746,8,11,1,0.222477279,9.66123198,8.514133364,74.14285714285714
150,John Stones,97299,13,2,55,70,5.0,1117,1,0,6,9,219.8,79.7,145,586,John Stones,1114,1.214910327,0.162631448,9,4,0,1.214910327,6.591387011,6.435641885,74.14285714285714
106,Harry Maguire,95658,14,2,50,69,2.3,2513,1,0,43,7,571.0,77.2,316,1687,Harry Maguire,2518,2.237705084,0.14321286,23,4,7,2.237705084,7.957977007,7.696394126,72.75
279,Scott McTominay,195851,14,3,50,68,2.3,2386,1,2,37,8,478.4,325.1,297,5560,Scott McTominay,2410,1.476901848,1.685330164,27,23,9,1.476901848,8.395464666,6.715104543,71.8
187,Luis Díaz,244731,12,3,80,64,4.9,957,4,3,4,6,289.4,288.0,578,10408,Luis Díaz,962,4.276759101,2.175988493,38,20,0,4.276759101,8.961282231,3.449203756,71.76923076923077
217,Michael Olise,443661,7,3,55,73,2.8,1127,2,6,14,4,308.2,389.0,269,9948,Michael Olise,1125,1.487950176,4.962619685,19,24,4,1.487950176,7.787075054,5.307141701,71.76923076923077
274,Ryan Fraser,90105,15,3,55,78,2.9,1459,2,5,23,5,250.2,428.1,324,1683,Ryan Fraser,1476,2.86672022,2.154739622,24,25,3,2.86672022,6.57619545,2.687836982,71.76923076923077
51,Christian Pulisic,176413,6,3,60,77,3.5,1282,6,2,10,6,317.6,223.9,434,2662,Christian Pulisic,1276,6.095077716,1.293288387,28,15,2,6.095077716,8.85772931,2.125792839,71.76923076923077
145,Joe Willock,200089,15,3,50,79,2.7,2037,2,3,37,6,320.4,243.2,449,6630,Joe Willock,2063,3.677429976,1.128404381,35,18,0,3.677429976,7.496499555,3.557702364,71.76923076923077
228,Naby Keita,175592,12,3,50,65,2.8,1169,3,2,6,8,302.0,243.8,258,5247,Naby Keita,1181,2.144786162,1.812412728,26,15,3,2.144786162,7.787587374,5.404159836,71.76923076923077
180,Leander Dendoncker,151589,20,3,50,76,2.5,1945,2,3,29,5,348.6,180.0,279,7236,Leander Dendoncker,1941,2.454790218,0.96512622,23,11,4,2.454790218,5.346125973,3.243609909,71.22222222222223
19,Andros Townsend,60252,8,3,55,66,3.1,1452,3,2,30,3,351.6,468.9,221,775,Andros Townsend,1463,2.262586422,2.849117287,21,31,3,1.501417592,5.317552261,2.756821012,71.22222222222223
38,Bruno Guimarães Rodriguez Moura,208706,15,3,60,67,3.9,1031,5,1,13,4,407.6,190.9,323,8327,Bruno Guimarães,1031,4.093197477,1.742860048,23,12,4,4.093197477,5.31641032,2.585114416,71.22222222222223
10,Alex Iwobi,153133,8,3,55,78,2.8,2029,2,2,38,6,370.0,501.4,357,500,Alex Iwobi,2041,2.403040841,3.065679945,24,36,1,2.403040841,9.433973527,5.091716401,71.22222222222223
248,Patson Daka,245419,10,4,60,70,3.0,1152,5,3,20,3,287.8,166.2,460,9738,Patson Daka,1164,5.109794384,1.819526315,26,13,2,5.109794384,7.503917813,2.162383816,69.66666666666667
223,Mohammed Salisu,450527,17,2,45,58,1.7,2971,0,0,58,6,730.2,139.6,330,6923,Mohammed Salisu,2972,1.793001425,0.544461606,24,9,8,1.793001425,7.810963307,7.58064013,65.0
275,Ryan Sessegnon,184349,18,2,45,56,3.7,1046,0,3,11,6,171.0,204.9,137,6837,Ryan Sessegnon,1065,0.384434864,3.275637477,6,14,2,0.384434864,7.321056515,4.775030317,65.0
233,Nathaniel Clyne,57328,7,2,45,59,3.7,1351,0,1,12,6,181.0,99.1,17,603,Nathaniel Clyne,1351,0.067024227,0.315422075,3,6,1,0.067024227,1.697488183,1.462636398,65.0
293,Tariq Lamptey,232792,5,2,45,74,2.5,1547,0,2,21,6,254.6,367.9,175,8226,Tariq Lamptey,1543,0.994467635,2.859229019,19,21,4,0.994467635,5.926397361,3.034177,65.0
309,Victor Lindelöf,184667,14,2,45,66,2.4,2353,0,2,47,6,449.0,76.3,66,6080,Victor Lindelöf,2349,0.189837995,0.655802697,3,4,4,0.189837995,6.806015821,6.787731739,65.0
313,Vladimir Coufal,164555,19,2,45,70,2.5,2207,0,4,36,6,433.2,359.9,167,8965,Vladimir Coufal,2211,0.55718019,2.711206092,11,21,3,0.55718019,10.27092117,8.429337848,65.0
85,Emil Krafth,111773,15,2,45,58,2.9,1636,0,1,20,6,270.4,102.7,54,1545,Emil Krafth,1636,0.229566511,1.039332433,6,6,5,0.229566511,3.798123891,3.666791673,65.0
295,Thiago Alcántara do Nascimento,61558,12,3,55,69,2.8,1527,1,4,7,11,420.0,426.2,283,229,Thiago Alcántara,1531,1.629442556,2.575970708,25,29,2,1.629442556,12.8669292,10.54843858,63.55555555555556
323,Yves Bissouma,227127,18,3,50,66,2.5,2110,1,2,28,7,429.2,169.3,126,5609,Yves Bissouma,2134,1.050123744,0.844827924,21,8,10,1.050123744,8.460880046,6.945666835,63.55555555555556
173,Kiernan Dewsbury-Hall,215413,10,3,50,70,2.5,2101,1,2,27,8,377.6,505.6,221,9739,Kiernan Dewsbury-Hall,2101,1.294614686,3.029063253,20,34,4,1.294614686,9.695717335,6.931460807,63.55555555555556
16,Allan Marques Loureiro,119765,8,3,50,58,2.1,2181,0,3,38,6,391.4,228.4,82,1379,Allan,2196,0.240978952,0.651511026,7,14,7,0.240978952,5.809602976,5.090588424,63.55555555555556
103,Granit Xhaka,84450,1,3,50,60,2.2,2327,1,2,38,6,395.4,522.9,262,204,Granit Xhaka,2338,1.107483904,2.42471161,27,32,10,1.107483904,13.48049124,10.99066323,63.55555555555556
77,Dominic Calvert-Lewin,177815,8,4,80,64,3.8,1281,5,2,31,3,255.8,144.7,448,5555,Dominic Calvert-Lewin,1297,6.218373269,1.659819379,33,10,2,3.934903547,5.950980335,1.957883988,62.5
141,Jean-Philippe Mateta,231747,7,4,55,61,2.8,1138,5,1,14,5,253.6,112.8,568,5735,Jean-Philippe Mateta,1153,5.846969992,0.718460929,37,7,2,5.846969992,6.872573536,2.135187421,62.5
298,Timo Werner,165153,6,4,80,62,3.0,1278,4,2,17,5,207.6,153.1,773,65,Timo Werner,1291,6.166445337,0.318377396,45,8,1,6.166445337,9.69383939,3.619297884,62.5
152,Jonjo Shelvey,50232,15,3,50,63,2.6,1981,2,1,30,6,320.8,246.7,156,769,Jonjo Shelvey,1987,0.8790798,1.06081238,30,16,5,0.8790798,3.950462205,2.919237322,62.2
290,Stuart Armstrong,91047,17,3,50,57,2.3,1465,2,1,30,3,266.2,384.0,377,6893,Stuart Armstrong,1456,2.761912815,1.62018848,38,25,1,2.761912815,6.535926837,3.463348063,62.2
266,Roberto Firmino,92217,12,4,80,62,3.1,980,5,4,9,5,337.2,248.4,497,482,Roberto Firmino,979,5.253266871,2.218823807,30,16,3,5.253266871,11.99724093,5.70736197,62.0
256,Raphaël Varane,90152,14,2,50,75,3.4,1829,1,1,22,5,402.4,60.0,119,2245,Raphael Varane,1823,0.749500446,0.213959659,9,4,0,0.749500446,5.672899809,5.460382633,58.5
206,Mason Holgate,194164,8,2,45,62,2.5,2133,2,2,42,5,431.2,42.1,120,985,Mason Holgate,2137,1.660385251,0.104586223,7,3,6,1.660385251,1.572005895,1.52055058,58.5
56,Cristian Romero,221632,18,2,50,63,2.9,1844,1,0,25,5,498.8,98.9,102,7218,Cristian Romero,1850,0.411476094,0.377722984,6,6,8,0.411476094,9.463023137,9.05335214,58.5
184,Liam Cooper,55914,11,2,45,60,2.9,1814,0,2,26,5,413.4,53.4,65,8816,Liam Cooper,1814,0.280140599,0.132166024,6,4,5,0.280140599,3.401979145,3.324034069,58.5
13,Alex Telles,152590,14,2,50,67,3.2,1658,0,4,26,5,399.6,455.6,103,1828,Alex Telles,1659,0.451514267,2.167028761,10,26,1,0.451514267,7.51489757,6.459276974,58.5
192,Luke Thomas,244619,10,2,45,50,2.3,1911,0,1,35,5,406.2,198.5,59,8562,Luke Thomas,1915,0.182528779,1.415245384,4,12,2,0.182528779,5.83835594,4.690969437,58.5
62,Daniel Amartey,155569,10,2,45,55,2.0,2118,0,0,40,5,460.4,69.4,20,759,Daniel Amartey,2111,0.02285465,0.245100677,2,4,4,0.02285465,4.304972468,4.282117829,58.5
41,Çaglar Söyüncü,218031,10,2,45,66,2.4,2497,1,0,44,5,606.4,64.7,90,5264,Caglar Söyüncü,2500,1.008084316,0.087371653,8,3,5,1.008084316,5.909221165,5.821849506,58.5
230,Nathan Aké,126184,13,2,50,54,3.9,919,2,0,3,5,245.0,58.9,75,579,Nathan Aké,920,1.303493129,0.617275596,5,2,0,1.303493129,4.634196715,4.634196715,58.5
75,Diogo Dalot Teixeira,216051,14,2,45,54,2.2,1797,0,0,29,5,411.0,286.1,126,7281,Diogo Dalot,1790,0.660338888,0.845738817,13,16,4,0.660338888,7.871014401,6.755060561,58.5
240,Oleksandr Zinchenko,206325,13,2,50,59,3.9,1044,0,4,9,5,259.4,282.1,111,2958,Oleksandr Zinchenko,1026,0.487495275,2.310020719,12,16,0,0.487495275,12.0967552,9.831310578,58.5
177,Kurt Zouma,103192,19,2,45,66,2.8,2078,1,0,29,5,506.0,33.3,131,935,Kurt Zouma,2083,0.813069452,0.083883381,6,2,1,0.813069452,4.450214668,4.319385841,58.5
202,Marcus Rashford,176297,14,3,65,63,2.5,1224,4,2,28,2,233.8,155.4,406,556,Marcus Rashford,1229,2.820377178,2.42752666,22,9,2,2.820377178,6.920496237,1.981456791,58.0
219,Miguel Almirón Rejala,179018,15,3,50,59,2.0,1706,1,0,32,6,227.2,240.9,347,7420,Miguel Almirón,1730,1.712055432,1.001836469,32,17,2,1.712055432,5.636095712,3.225981514,58.0
22,Anthony Elanga,449434,14,3,50,59,2.8,1208,2,3,17,4,206.2,172.1,303,9524,Anthony Elanga,1218,2.981154365,1.933543816,21,9,0,2.981154365,5.969545908,2.201744555,58.0
125,Jakub Moder,243505,5,3,45,58,2.1,1694,0,3,23,5,239.6,286.0,372,9284,Jakub Moder,1709,3.103546986,2.58266291,28,16,1,3.103546986,7.956003778,3.427229578,58.0
89,Enock Mwepu,423649,5,3,55,58,3.2,990,2,5,13,3,244.8,143.2,210,9734,Enock Mwepu,1009,1.999323897,1.584159482,19,9,2,1.999323897,3.612422403,2.079987653,58.0
4,Adam Armstrong,155511,17,4,55,57,2.5,1409,2,3,31,4,179.2,180.2,575,4419,Adam Armstrong,1412,4.238082007,1.624623843,47,13,1,4.238082007,6.217601873,0.794228179,57.0
81,Eddie Nketiah,205533,1,4,70,55,2.6,823,5,1,18,0,249.2,165.2,408,6482,Eddie Nketiah,803,4.993679527,1.665206134,28,13,3,4.993679527,7.677363236,2.160008833,56.5
48,Christian Benteke,54861,7,4,55,58,2.3,1132,4,1,20,4,250.2,176.7,523,606,Christian Benteke,1112,4.719367415,1.665178306,38,14,3,4.719367415,6.597355835,1.33071074,56.5
11,Alex McCarthy,58376,17,1,45,55,3.2,1530,0,0,27,5,334.4,10.0,0,635,Alex McCarthy,1530,0.0,0.023409102,0,1,1,0.0,2.008901509,1.985492406,56.0
98,Fraser Forster,40383,18,1,40,57,3.0,1710,0,0,35,3,559.8,0.0,0,831,Fraser Forster,1710,0.0,0.0,0,0,1,0.0,0.864009816,0.864009816,56.0
122,Jacob Murphy,114243,15,3,45,62,1.9,1457,1,4,35,2,267.8,282.0,281,6063,Jacob Murphy,1418,2.588163485,2.386163341,27,20,4,2.588163485,6.965950183,2.7634965,55.6
270,Rodrigo Bentancur,202993,18,3,55,52,3.1,1360,0,4,12,9,322.8,244.8,122,6108,Rodrigo Bentancur,1376,0.57846237,3.09296851,14,15,5,0.57846237,12.16608653,10.82684758,55.6
272,Ruben Loftus-Cheek,126187,6,3,50,52,2.2,1384,0,3,21,5,282.8,291.1,218,688,Ruben Loftus-Cheek,1378,0.941981239,2.556415793,19,18,1,0.941981239,8.096101228,6.934503693,55.6
286,Solly March,109345,5,3,50,61,2.0,1733,0,2,23,7,278.4,528.4,291,6049,Solly March,1723,1.452998092,2.994242834,21,34,1,1.452998092,7.240965672,4.095692605,55.6
209,Mateusz Klich,72222,11,3,50,61,1.8,2071,1,2,52,1,340.4,434.6,484,4381,Mateusz Klich,2117,2.701990927,1.912577748,42,32,5,2.701990927,8.965394202,5.376786492,55.6
210,Mathias Jensen,207283,4,3,50,54,1.7,1590,0,1,30,3,253.2,540.6,198,7166,Mathias Jensen,1598,2.701657079,3.16103483,19,35,0,2.701657079,7.237031897,2.972486177,55.6
29,Ben Chilwell,172850,6,2,60,55,7.9,541,3,1,2,4,175.8,161.1,202,782,Ben Chilwell,541,1.298326053,0.833014956,13,10,0,1.298326053,4.463371404,3.408198148,53.5
246,Pascal Struijk,222694,11,2,45,35,1.2,2050,1,1,53,1,481.0,134.8,191,8717,Pascal Struijk,2052,2.299656362,0.431497583,11,11,6,2.299656362,5.535418568,5.030101944,52.0
190,Luke Ayling,66588,11,2,45,55,2.1,2272,2,3,66,2,603.2,186.5,238,8716,Luke Ayling,2276,1.037271354,2.359548747,19,10,4,1.037271354,5.340352217,4.753909014,52.0
126,Jamaal Lascelles,101148,15,2,45,47,1.8,2055,1,1,44,3,418.4,46.4,280,766,Jamaal Lascelles,2052,1.337339357,0.23165093,17,4,5,1.337339357,1.446557346,1.446557346,52.0
211,Matt Doherty,87835,18,2,50,67,4.5,871,2,5,11,3,279.6,224.4,291,6852,Matt Doherty,864,3.091391202,2.025262769,16,15,0,3.091391202,7.882363394,4.257714972,52.0
285,Shane Duffy,61933,5,2,45,48,2.7,1434,1,1,19,4,380.6,58.2,282,6047,Shane Duffy,1432,0.907704391,0.103009384,22,4,7,0.907704391,3.517538393,3.439327419,52.0
31,Ben Godfrey,198826,8,2,45,45,2.0,2029,0,0,39,4,416.0,164.6,222,7689,Ben Godfrey,2034,1.301261271,0.706995015,18,12,6,1.301261271,2.775719794,2.278057685,52.0
165,Kalvin Phillips,155405,13,3,50,39,1.9,1594,0,1,25,3,270.8,151.0,99,8719,Kalvin Phillips,1598,0.76916795,1.164321095,15,9,4,0.76916795,3.862933826,3.543630522,46.375
49,Christian Eriksen,80607,14,3,65,43,3.9,938,1,4,10,4,285.6,482.4,192,646,Christian Eriksen,935,1.403785104,3.730953999,22,30,1,1.403785104,4.987492323,2.909498682,46.375
315,Wilfred Ndidi,203341,10,3,50,41,2.2,1617,0,1,26,5,322.0,66.0,179,5545,Wilfred Ndidi,1621,0.58358831,0.07641302,14,2,4,0.58358831,4.509539041,4.185820539,46.375
129,James McArthur,50471,7,3,50,54,2.6,1434,0,4,15,5,324.2,256.6,120,633,James McArthur,1433,0.307225844,1.270192688,9,16,3,0.307225844,4.852488231,3.739218693,46.375
59,Cédric Alves Soares,58822,1,2,45,48,2.3,1481,1,1,27,3,318.4,327.1,111,847,Cédric Soares,1483,0.489683408,1.519345848,12,18,3,0.489683408,5.35009589,4.619293634,45.473684210526315
7,Adam Webster,110735,5,2,45,59,2.7,1429,2,0,20,4,416.8,51.4,120,7699,Adam Webster,1419,1.486675769,0.036905929,8,1,5,1.486675769,3.169360194,3.152343046,45.473684210526315
2,Aaron Wan-Bissaka,214590,14,2,45,41,2.0,1793,0,0,35,3,371.8,237.0,123,5584,Aaron Wan-Bissaka,1795,0.287909931,0.92142104,5,14,2,0.287909931,5.104909781,4.222173505,45.473684210526315
44,Calum Chambers,101184,2,2,45,42,3.2,999,1,0,16,4,250.6,53.1,63,508,Calum Chambers,1001,0.265634082,0.176932529,5,3,1,0.265634082,2.581539702,2.406850267,45.473684210526315
32,Ben Johnson,222018,19,2,45,48,2.4,1397,1,0,18,3,307.2,176.4,39,6424,Ben Johnson,1402,0.148515328,0.55536695,5,9,1,0.148515328,4.078002382,3.741721869,45.473684210526315
191,Luke Shaw,106760,14,2,50,46,2.3,1600,0,3,24,3,292.0,586.1,54,1006,Luke Shaw,1609,0.165951652,3.693639508,6,39,8,0.165951652,7.591037195,5.737257876,45.473684210526315
8,Adama Traoré Diarra,159533,20,3,55,44,2.2,1069,1,1,10,5,192.0,271.1,300,900,Adama Traoré,1047,2.834239706,1.337098248,23,18,0,2.834239706,4.757494487,0.907688955,45.25
305,Tyler Roberts,173821,11,3,50,34,1.5,976,1,1,26,1,160.4,189.8,296,1014,Tyler Roberts,938,2.434846772,1.472486081,30,15,5,2.434846772,4.498326244,0.800043296,45.25
28,Ayoze Pérez,168580,10,3,50,35,2.5,438,2,3,15,1,172.4,139.7,180,770,Ayoze Pérez,443,2.057984743,1.227769405,11,11,0,2.057984743,2.990566075,0.637315106,45.25
42,Callum Hudson-Odoi,209046,6,3,55,49,3.3,958,1,4,8,6,175.4,326.9,326,6456,Callum Hudson-Odoi,971,2.775725406,2.638992773,18,25,1,2.775725406,6.930552181,2.432545669,45.25
289,Steven Bergwijn,194252,18,3,55,55,2.2,548,3,2,6,3,164.8,111.6,275,8300,Steven Bergwijn,518,3.335189171,0.892795797,19,8,1,3.335189171,4.809272598,0.881327474,45.25
235,Nicolas Pépé,195735,1,3,55,45,2.2,681,1,4,9,2,149.4,216.9,400,5656,Nicolas Pepe,646,3.448649857,1.330943376,23,12,0,3.448649857,5.508022338,1.402743422,45.25
281,Sean Longstaff,180135,15,3,45,48,2.0,1458,1,1,29,2,246.0,116.6,93,7078,Sean Longstaff,1459,0.777549815,0.464207895,15,7,1,0.777549815,3.919377367,2.981781895,44.833333333333336
5,Adam Forshaw,80179,11,3,45,38,1.7,1526,0,1,41,2,217.2,195.3,119,1711,Adam Forshaw,1524,0.48424479,1.040743729,14,13,5,0.48424479,6.191524561,4.898988869,44.833333333333336
6,Adam Lallana,39155,5,3,50,44,1.8,1559,0,1,20,6,209.4,162.9,173,486,Adam Lallana,1568,0.880113689,0.931783995,19,8,4,0.880113689,5.687925115,5.048137212,44.833333333333336
144,Joe Gelhardt,462635,11,4,55,43,2.1,733,2,4,25,1,148.0,117.0,412,9339,Joe Gelhardt,700,3.804643894,1.808335308,23,9,4,3.804643894,5.506510402,0.722464488,42.333333333333336
311,Vitalii Mykolenko,224967,8,2,45,42,3.2,1054,1,1,17,3,187.4,138.8,66,10291,Vitalii Mykolenko,1059,0.54527624,0.496993726,8,8,0,0.54527624,1.928274766,1.191738883,37.0625
21,Angelo Ogbonna,40669,19,2,45,40,3.6,921,1,0,11,3,167.0,5.3,67,528,Angelo Ogbonna,921,0.611719966,0.0,3,0,1,0.611719966,1.006217549,0.955207953,37.0625
174,Konstantinos Tsimikas,214285,12,2,45,42,3.2,874,0,2,6,4,214.4,401.1,141,8852,Konstantinos Tsimikas,866,0.670573637,2.13100503,8,25,3,0.670573637,6.504663721,5.575185774,37.0625
116,Issa Diop,219924,19,2,45,30,2.3,961,0,1,19,2,225.6,21.3,44,3203,Issa Diop,964,0.056273984,0.291831344,2,1,0,0.056273984,2.02761399,1.735782646,37.0625
271,Romain Perraud,244560,17,2,45,38,1.9,1621,0,1,33,3,195.2,152.7,178,6500,Romain Perraud,1630,0.730577018,0.404051294,19,8,3,0.730577018,3.158030285,2.539927643,37.0625
127,James Justin,220627,10,2,45,29,2.2,996,0,0,13,2,190.0,136.2,97,7753,James Justin,993,0.531818215,0.849817209,5,9,0,0.531818215,5.432258628,4.536695726,37.0625
237,Nuno Varela Tavares,437626,1,2,45,49,2.2,1169,1,1,19,3,201.0,188.2,221,9691,Nuno Tavares,1162,1.756296939,1.064530035,23,10,2,1.756296939,6.060934471,3.757679675,37.0625
113,Ibrahima Konaté,204716,12,2,50,33,3.0,990,0,0,10,4,213.4,21.0,20,6326,Ibrahima Konaté,990,0.205162693,0.0,4,0,2,0.205162693,3.758266611,3.758266611,37.0625
317,Will Hughes,108413,7,3,50,34,2.1,1050,0,2,16,4,159.0,143.0,60,6104,Will Hughes,1071,0.135721156,0.95684617,6,9,6,0.135721156,3.064850874,2.7063898,36.77777777777778
130,James Milner,15157,12,3,45,38,1.6,844,0,1,6,4,233.2,332.8,78,489,James Milner,836,0.344711738,2.182445038,10,22,2,0.344711738,7.414493509,6.516795509,36.77777777777778
182,Leon Bailey,215711,2,3,50,37,2.1,750,1,3,13,2,143.2,118.5,271,5221,Leon Bailey,723,1.492561538,0.677380554,21,7,3,1.492561538,2.510905316,0.667876327,36.77777777777778
36,Boubakary Soumaré,225902,10,3,45,36,1.9,1095,0,1,27,2,142.6,98.6,40,6310,Boubakary Soumare,1102,0.32983716,0.285683274,6,6,0,0.32983716,3.370995476,3.0025121,36.77777777777778
72,Dele Alli,108823,8,3,55,35,1.7,985,1,0,23,3,189.2,142.6,129,645,Dele Alli,978,1.532490869,1.127110997,7,9,4,0.771322032,2.964224285,1.536398964,36.77777777777778
78,Donny van de Beek,180184,14,3,55,31,2.1,550,2,0,14,2,156.8,77.6,118,8821,Donny van de Beek,545,1.511008114,0.437531071,7,5,1,1.511008114,2.915886583,1.041342292,36.77777777777778
58,Curtis Jones,206915,12,3,50,40,2.7,849,1,1,9,4,156.4,179.7,171,6665,Curtis Jones,869,0.828112056,0.677923264,20,11,0,0.828112056,4.340757711,3.219496122,36.77777777777778
107,Harry Winks,157668,18,3,45,33,1.7,904,0,2,15,1,168.6,198.6,20,971,Harry Winks,896,0.067561751,1.523514813,3,10,2,0.067561751,7.735793028,6.400972907,36.77777777777778
241,Oliver Skipp,209042,18,3,45,34,1.9,1346,0,0,13,8,183.8,151.5,39,7198,Oliver Skipp,1340,0.146364355,0.7628862,4,8,6,0.146364355,6.278731212,5.448812563,36.77777777777778
220,Mohamed Elneny,153256,1,3,45,27,1.9,801,0,2,17,0,163.2,131.5,49,496,Mohamed Elneny,785,0.156644405,0.395757873,8,9,1,0.156644405,3.171078745,2.856383935,36.77777777777778
224,Moisés Caicedo Corozo,486672,5,3,50,27,3.4,660,1,1,6,4,145.4,64.6,131,9453,Moisés Caicedo,673,0.639353286,0.232119773,10,4,2,0.639353286,3.08623157,2.363925464,36.77777777777778
198,Marc Albrighton,51938,10,3,50,40,2.4,1127,1,2,24,2,236.2,208.6,51,753,Marc Albrighton,1113,0.487565309,1.694716553,4,11,3,0.487565309,4.001694035,2.97021088,36.77777777777778
112,Ibrahima Diallo,240143,17,3,45,44,1.9,1016,0,3,21,1,177.6,209.6,79,6736,Ibrahima Diallo,1008,0.336583417,1.042884767,8,16,1,0.336583417,3.856823433,2.641662998,36.77777777777778
9,Albert Sambi Lokonga,437742,1,3,45,32,1.7,1129,0,0,11,7,192.4,263.4,108,9689,Albert Sambi Lokonga,1125,0.585318241,0.835428875,20,18,5,0.585318241,5.447862985,4.69208616,36.77777777777778
12,Alex Oxlade-Chamberlain,81880,12,3,50,42,2.5,777,2,1,7,3,162.8,170.0,208,966,Alex Oxlade-Chamberlain,783,1.180954352,1.266294792,21,10,0,1.180954352,5.642992157,3.540129518,36.77777777777778
151,Jonathan Castro Otto,114128,20,2,45,38,2.9,1022,2,0,22,2,229.8,174.2,144,2280,Jonny,1020,0.866893956,1.128573753,10,11,1,0.866893956,3.149477473,1.741608422,35.6
163,Junior Firpo Adames,443967,11,2,45,22,0.9,1709,0,2,49,1,320.4,289.4,142,6485,Júnior Firpo,1735,0.936143356,2.523068024,11,22,11,0.936143356,4.836824258,2.717732107,35.6
264,Rob Holding,156074,1,2,45,29,1.9,840,1,0,16,2,253.0,8.6,49,1749,Rob Holding,824,0.560597017,0.0,4,0,2,0.560597017,2.16742624,2.16742624,35.6
153,Jonny Evans,37642,10,2,45,39,2.2,1346,1,1,23,2,355.6,57.6,75,807,Jonny Evans,1355,1.284799896,0.920726307,3,4,3,1.284799896,4.209085124,4.113770397,35.6
140,Javier Manquillo Gaitán,109528,15,2,45,38,2.0,1258,1,3,27,1,244.2,65.4,64,1719,Javier Manquillo,1273,0.377959512,0.470969152,4,4,5,0.377959512,1.646114059,0.80729981,35.6
260,Ricardo Barbosa Pereira,111931,10,2,45,35,2.5,990,1,3,20,1,274.8,139.6,122,3303,Ricardo Pereira,1000,0.578248899,1.402598819,10,10,3,0.578248899,5.104845166,4.257833727,35.6
232,Nathan Tella,203389,17,3,50,29,2.1,802,0,2,18,1,79.4,102.2,138,8456,Nathan Tella,831,0.676690787,0.629931182,12,8,2,0.676690787,1.333140267,0.219291747,33.1
97,Frank Onyeka,428580,4,3,50,35,1.8,1040,0,2,19,3,93.0,73.5,174,9681,Frank Onyeka,1056,0.765376305,0.163515511,16,4,4,0.765376305,1.591990603,0.94039201,33.1
118,Jack Butland,105666,7,1,45,30,3.3,765,0,0,13,1,155.0,0.0,0,856,Jack Butland,761,0.0,0.0,0,0,0,0.0,1.167528048,1.167528048,30.0
95,Fabio Silva,449988,20,4,55,30,1.4,562,0,1,7,0,21.0,48.3,262,8778,Fabio Silva,558,2.740757318,0.409193275,19,3,0,2.740757318,3.168383092,0.368847705,29.8
247,Patrick Bamford,106617,11,4,75,28,3.1,557,2,2,14,0,125.8,69.0,289,822,Patrick Bamford,558,2.997422285,1.031534621,20,5,2,2.997422285,3.715275204,0.415401205,29.8
172,Kieran Trippier,77794,15,2,50,28,4.7,429,2,0,5,1,164.8,128.3,14,652,Kieran Trippier,434,0.226134479,0.235174902,2,7,0,0.226134479,0.972275011,0.954714485,27.857142857142858
212,Matt Ritchie,56983,15,2,45,20,1.1,1333,0,2,37,0,226.0,420.4,92,461,Matt Ritchie,1335,0.366285644,1.964723405,10,29,5,0.366285644,2.960621321,2.411467099,27.857142857142858
195,Mads Roerslev Rasmussen,226956,4,2,45,41,2.0,1232,1,1,27,1,200.2,125.8,81,9685,Mads Roerslev,1240,0.283144556,0.966704587,5,7,1,0.283144556,1.358168471,0.479868423,27.857142857142858
137,Japhet Tanganga,199584,18,2,40,29,2.6,735,0,0,11,5,118.0,48.1,108,8222,Japhet Tanganga,751,0.448644795,0.245572001,7,2,2,0.448644795,1.505824236,1.385644665,26.5
196,Malang Sarr,204727,6,2,50,30,3.8,544,0,0,7,4,118.4,60.4,1,5648,Malang Sarr,549,0.020652154,0.387572557,1,3,2,0.020652154,1.337369099,0.939373218,26.5
158,Joseph Gomez,171287,12,2,45,22,2.8,330,0,1,3,2,76.6,64.0,13,987,Joseph Gomez,333,0.013465562,0.710951265,1,3,2,0.013465562,2.65741086,1.987536773,26.5
320,Yerry Mina,164511,8,2,45,24,1.8,844,0,0,10,2,164.8,18.2,66,6521,Yerry Mina,842,0.236764943,0.025555642,6,1,3,0.236764943,0.966466814,0.868578857,26.5
194,Mads Bech Sørensen,228044,4,2,45,22,2.0,833,0,0,14,2,127.6,89.7,44,9683,Mads Bech Sørensen,841,0.071861902,0.341833489,2,7,3,0.071861902,1.566313816,1.224480322,26.5
205,Marvelous Nakamba,184704,2,3,45,22,1.4,899,0,0,20,2,139.2,42.2,0,8040,Marvelous Nakamba,905,0.0,0.04538827,0,2,5,0.0,1.751793135,1.751793135,25.818181818181817
133,Jamie Shackleton,221610,11,3,45,19,1.4,704,0,1,14,1,126.6,29.0,62,8721,Jamie Shackleton,692,0.16730487,0.013330581,4,1,4,0.16730487,1.521283399,1.340647954,25.818181818181817
188,Luka Milivojevic,66975,7,3,45,19,1.3,767,0,0,16,1,88.6,196.6,38,5549,Luka Milivojevic,776,0.289370317,0.641890503,8,10,1,0.289370317,2.915633574,2.594489921,25.818181818181817
249,Pedro Lomba Neto,247632,20,3,55,22,1.7,459,1,1,14,0,103.4,205.1,219,6382,Pedro Neto,451,1.636696573,1.49524818,17,13,3,1.636696573,2.931541521,0.772835288,25.818181818181817
284,Shandon Baptiste,432160,4,3,45,35,1.6,898,1,0,15,2,139.0,120.8,145,9914,Shandon Baptiste,909,0.578381358,0.545435864,12,9,0,0.578381358,2.336038408,1.491179018,25.818181818181817
80,Eberechi Eze,232413,7,3,55,31,2.4,599,1,1,8,3,120.0,175.3,135,8706,Eberechi Eze,597,0.456666689,0.969356243,10,11,1,0.456666689,1.738578483,1.230239876,25.818181818181817
236,Nikola Vlasic,180151,19,3,50,30,1.6,549,1,0,10,1,85.4,122.8,115,6276,Nikola Vlasic,548,0.905694269,0.60660468,7,9,0,0.905694269,2.343320823,1.269242461,25.818181818181817
229,Nampalys Mendy,86881,10,3,45,24,1.7,1032,0,0,15,2,88.2,44.2,7,1785,Nampalys Mendy,1041,0.022391681,0.027185891,1,1,3,0.022391681,2.479351869,2.479351869,25.818181818181817
20,André Tavares Gomes,120250,8,3,45,18,1.3,614,0,1,19,0,84.0,85.2,136,2383,André Gomes,621,0.989969273,0.156436182,14,4,3,0.989969273,1.519893186,0.498183101,25.818181818181817
166,Karl Darlow,59735,15,1,40,20,2.5,720,0,0,15,0,157.0,0.0,0,780,Karl Darlow,720,0.0,0.0,0,0,1,0.0,0.558485004,0.558485004,22.5
169,Kepa Arrizabalaga,109745,6,1,45,19,4.8,360,0,0,2,2,95.6,0.0,0,5061,Kepa,360,0.0,0.0,0,0,0,0.0,0.740595415,0.740595415,22.5
294,Theo Walcott,20467,17,3,50,12,1.3,376,0,0,8,0,13.6,19.2,70,503,Theo Walcott,387,0.862159664,0.021903161,6,1,0,0.862159664,1.19495713,0.32797716,15.631578947368421
288,Steven Alzate,235382,5,3,45,13,1.4,401,0,0,7,0,70.2,40.8,21,8020,Steven Alzate,410,0.08124359,0.146789908,1,2,0,0.08124359,0.919185393,0.919185393,15.631578947368421
226,Moussa Djenepo,431131,17,3,50,13,1.1,452,0,0,10,1,45.2,88.2,130,7701,Moussa Djenepo,449,1.276968554,0.269771336,11,6,3,1.276968554,2.421068225,1.098878853,15.631578947368421
24,Anwar El Ghazi,193488,2,3,50,22,2.0,392,1,1,8,1,74.6,85.2,85,5612,Anwar El Ghazi,380,0.979022183,0.262508623,8,5,2,0.217853311,0.609694505,0.309745392,15.631578947368421
225,Morgan Sanson,122775,2,3,45,13,1.3,349,0,0,8,0,52.8,36.6,3,3696,Morgan Sanson,349,0.011810558,0.028206335,1,1,0,0.011810558,0.844300764,0.832490206,15.631578947368421
109,Harvey Elliott,444884,12,3,50,12,2.0,344,0,0,2,2,43.2,133.5,102,7546,Harvey Elliott,348,0.613940552,0.519713029,10,9,0,0.613940552,3.157236993,2.20906119,15.631578947368421
318,Willy Boly,90585,20,2,45,17,1.7,900,0,0,20,1,195.4,18.1,29,6850,Willy Boly,900,0.088928036,0.062957272,2,1,1,0.088928036,2.550027525,2.550027525,13.3125
96,Federico Fernández,57145,15,2,45,11,1.6,521,0,1,12,0,129.4,13.8,69,708,Federico Fernández,523,0.337133009,0.284238964,6,1,0,0.337133009,0.556250867,0.272011906,13.3125
319,Yan Valery,213482,17,2,40,9,1.8,369,0,0,7,1,70.8,20.4,2,7280,Yan Valery,368,0.02507318,0.255051285,2,1,0,0.02507318,1.138936676,1.113863476,13.3125
52,Ciaran Clark,58845,15,2,45,14,1.1,1012,0,1,27,0,189.2,49.9,95,875,Ciaran Clark,1011,1.010188935,0.196480817,7,4,2,1.010188935,1.761744704,1.670429287,13.3125
314,Wesley Fofana,444463,10,2,45,17,2.4,630,0,0,7,1,131.4,30.1,32,7589,Wesley Fofana,630,0.568010289,0.036049165,3,2,2,0.568010289,2.999750415,2.980492661,13.3125
175,Kortney Hause,123354,2,2,45,20,2.9,397,1,0,9,1,102.8,5.9,64,6859,Kortney Hause,393,0.064032582,0.0,2,0,0,0.064032582,1.813511994,1.813511994,13.3125
193,Lyanco Silveira Neves Vojnovic,212721,17,2,45,19,1.3,906,0,0,20,1,202.8,35.6,58,6252,Lyanco,898,0.255484365,0.174107179,6,3,2,0.255484365,1.796176013,1.719761308,13.3125
302,Toti António Gomes,510362,20,2,40,6,1.5,360,0,0,6,0,87.0,4.5,28,1791,Trent Alexander-Arnold,2856,2.192070078,12.6876377,51,90,2,2.192070078,21.09129348,11.98893128,13.3125
138,Jarrad Branthwaite,480455,8,2,40,7,1.2,387,1,0,17,0,90.2,2.8,44,8476,Jarrad Branthwaite,384,0.602220422,0.0,3,0,0,0.602220422,0.064610742,0.064610742,13.3125
121,Jack Stephens,88900,17,2,45,12,1.1,810,0,0,19,1,192.8,48.2,6,1735,Jack Stephens,806,0.0,0.244282212,0,4,3,0.0,1.743417602,1.689301491,13.3125
267,Robin Koch,193645,11,2,45,23,1.1,1572,0,0,40,1,201.2,70.3,121,6273,Robin Koch,1573,1.086425185,0.280275667,13,5,3,1.086425185,4.028053438,3.236126008,13.3125
136,Jannik Vestergaard,93100,10,2,40,11,1.1,563,0,0,16,1,159.2,15.2,15,111,Jannik Vestergaard,561,0.038755585,0.067271546,1,1,2,0.038755585,3.783560684,3.783560684,13.3125
131,James Tomkins,49413,7,2,40,17,2.1,545,1,0,11,0,140.4,22.0,88,530,James Tomkins,540,0.689093327,0.35278289,4,2,2,0.689093327,0.485901639,0.40568506,13.3125
273,Ryan Bertrand,40146,10,2,40,4,1.0,337,0,0,7,0,48.0,14.8,8,835,Ryan Bertrand,340,0.0,0.0,0,0,1,0.0,1.683918189,1.683918189,13.3125
45,Charlie Goode,213687,4,2,40,10,1.7,448,0,0,6,1,54.8,82.7,24,9687,Charlie Goode,446,0.085993312,1.035826236,2,7,3,0.085993312,1.19736746,0.881318673,13.3125
26,Arthur Masuaku,105717,19,2,45,29,2.2,645,1,1,12,1,178.2,57.2,39,1760,Arthur Masuaku,626,0.066956274,0.758433843,4,2,1,0.066956274,1.482322574,1.453508319,13.3125
35,Bernd Leno,80201,1,1,45,10,2.5,360,0,0,9,1,85.0,0.0,0,181,Bernd Leno,360,0.0,0.0,0,0,0,0.0,0.189383432,0.189383432,6.5
