full_name,goals_scored,assists,total_points,minutes,goals_conceded,creativity,influence,threat,ict_index,clean_sheets,now_cost,id,player_name,time,xG,xA,shots,key_passes,yellow_cards,npxG,xGChain,xGBuildup
Aaron Connolly,3,3,61,1250,22,91.4,150.6,530,76,5,42,7991,Aaron Connolly,1279,4.553525606,0.562017158,36,6,0,4.553525606,4.356782122,0.354199411
Aaron Cresswell,3,0,79,2727,51,441,535.4,180,115.9,5,45,534,Aaron Cresswell,2739,1.032538125,3.006656665,18,26,7,1.032538125,6.834942104,4.891463637
Aaron Lennon,0,0,15,485,15,37.8,45,12,9.6,0,46,593,Aaron Lennon,466,0.024231426,0.158013582,1,2,4,0.024231426,0.290895429,0.10865042
Aaron Mooy,2,2,80,2079,33,614.9,436.6,291,134,6,47,6033,Aaron Mooy,2095,2.518191611,3.749102319,33,39,1,2.518191611,8.611672133,4.26419751
Aaron Ramsdale,0,1,126,3330,62,24,973.8,0,99.7,5,44,5603,Aaron Ramsdale,3330,0,0.531423394,0,2,0,0,2.167375199,1.635951802
Aaron Wan-Bissaka,0,4,127,3070,33,443.3,749.2,133,132.8,12,55,5584,Aaron Wan-Bissaka,3075,0.814919112,3.490916756,7,25,8,0.814919112,14.16557976,11.52116862
Abdoulaye Doucour�,4,4,113,3156,61,539,529.6,667,173.4,10,54,1726,Abdoulaye Doucouré,3189,5.280909617,4.084617623,61,38,8,5.280909617,13.54045408,7.193617694
Adam Lallana,1,1,27,371,5,68.8,107.2,74,25.1,1,57,486,Adam Lallana,362,0.808685023,0.653671555,5,4,1,0.808685023,3.720507052,2.313550264
Adam Masina,1,0,66,1815,31,201.3,351.2,109,66.4,6,43,1441,Adam Masina,1818,0.849282583,0.417630839,15,10,3,0.849282583,2.981863494,2.145974055
Adam Smith,0,1,49,2055,40,183,309.6,97,58.8,4,43,825,Adam Smith,2078,0.69261378,1.273224204,4,10,7,0.69261378,5.350800078,4.599220164
Adam Webster,3,1,88,2668,44,153.2,696.6,221,107.3,5,44,7699,Adam Webster,2668,1.577792896,1.094376815,16,10,4,1.577792896,6.39076218,6.152603228
Adama Traor�,4,9,130,2599,33,786.4,727.2,583,209.7,7,56,900,Adama Traoré,2596,3.707337396,7.551031334,43,49,1,3.707337396,15.27229515,5.655398901
Adrian Mariappa,0,0,26,1509,33,75.2,216.6,32,31.7,3,41,527,Adrián,873,0,0,0,0,1,0,2.574331187,2.574331187
Adri�n San Miguel del Castillo,0,0,27,873,10,0,131.4,0,13.2,2,40,524,Adrian Mariappa,1503,0.167165872,0.247899685,3,4,4,0.167165872,2.853157597,2.560190768
Ahmed El Mohamady,1,1,39,1024,28,324.1,254.6,67,64.6,2,41,1685,Ahmed Elmohamady,1007,0.195734027,2.220943574,5,22,1,0.195734027,3.627542907,2.72565309
Ainsley Maitland-Niles,0,2,41,1382,22,182,301.8,58,53.6,3,45,1750,Ainsley Maitland-Niles,1372,0.508408133,1.646096371,4,11,4,0.508408133,5.15650332,3.567148937
Alex Iwobi,1,0,52,1591,30,383.7,246.4,329,95.9,4,56,500,Alex Iwobi,1637,2.47862944,2.224674569,23,24,0,2.47862944,7.122992747,3.298394635
Alex McCarthy,0,0,104,2520,35,10,652,0,66,7,45,635,Alex McCarthy,2520,0,0.023693535,0,1,0,0,3.154215794,3.130522259
Alex Oxlade-Chamberlain,4,1,76,1475,12,298.2,300,406,99.9,8,61,966,Alex Oxlade-Chamberlain,1511,2.504467506,0.943688741,40,17,1,2.504467506,5.69325125,2.64896567
Alexander Tettey,1,1,67,2339,44,116.5,358,173,64.9,5,44,791,Alexander Tettey,2372,0.677077952,0.489977902,23,5,5,0.677077952,5.79071537,5.039048407
Alexandre Lacazette,10,7,118,1867,25,337.7,536.4,861,173.8,5,92,3277,Alexandre Lacazette,1890,8.664648203,3.342290916,52,24,8,8.664648203,12.06130165,2.505634623
Alexis Mac Allister,0,0,12,348,6,73.8,28.4,66,16.9,0,54,8379,Alexis Mac Allister,357,0.587467863,0.203351314,7,5,0,0.587467863,1.172587945,0.500704058
Alireza Jahanbakhsh,2,1,28,305,4,62.5,90.6,106,25.9,1,58,6842,Alireza Jahanbakhsh,301,0.586244181,0.993284672,12,4,0,0.586244181,1.588851389,0.734935742
Alisson Ramses Becker,0,1,122,2543,24,10,503,0,51.5,13,62,1257,Alisson,2545,0,0.262915224,0,1,0,0,6.831634546,6.568719337
Allan Saint-Maximin,3,5,92,1860,22,423.4,434,542,139.8,8,52,101,Allan Saint-Maximin,1896,2.942516947,4.331811693,46,33,0,2.942516947,9.657795262,4.271792185
Andre Gray,2,1,39,741,17,129.5,106.2,287,51.2,0,55,1660,Andre Gray,725,2.589537688,1.86597465,19,10,1,2.589537688,4.648880279,0.29783674
Andreas Christensen,0,0,34,1751,33,70.9,353.6,96,52.1,3,48,200,Andreas Christensen,1758,0.61414399,0.851269018,7,4,5,0.61414399,6.598435763,6.25327969
Andreas Pereira,1,3,60,1478,16,432.1,245.6,343,102.3,6,47,922,Andreas Pereira,1501,2.285591887,3.707923245,37,31,3,2.285591887,8.948890056,4.526673386
Andrew Robertson,2,12,181,3111,31,980.2,845.8,389,221.7,13,70,1688,Andrew Robertson,3114,1.81459292,7.897493236,22,60,2,1.81459292,20.39599831,15.31265719
Andr� Filipe Tavares Gomes,0,1,39,1457,20,179.4,156.6,33,36.4,5,52,2383,André Gomes,1457,0.206847342,1.104507593,5,11,6,0.206847342,5.090313947,3.942985699
Andriy Yarmolenko,5,1,70,981,17,265.7,284.4,329,87.9,3,52,6274,Andriy Yarmolenko,979,2.625594977,3.426018501,26,19,2,2.625594977,6.919684391,1.962578436
Andros Townsend,1,1,48,1284,23,247.1,246.4,122,61.6,3,56,775,Andros Townsend,1272,0.395662146,1.713790767,12,13,0,0.395662146,2.36252716,1.20086788
Andy Carroll,0,4,34,617,10,162,136.6,211,51.1,2,54,537,Andy Carroll,582,1.494794494,0.909442947,16,12,1,1.494794494,2.188728731,1.049436074
Angelo Ogbonna,2,0,81,2786,44,37.8,579,168,78.4,7,45,528,Angelo Ogbonna,2790,1.303147158,0.070139704,13,2,4,1.303147158,2.947999261,2.816510731
Angus Gunn,0,0,29,900,25,0,219.4,0,22.1,2,42,5544,Angus Gunn,900,0,0,0,0,0,0,0.486054629,0.486054629
Anthony Gordon,0,1,17,436,6,98.4,76,44,21.8,0,45,8150,Anthony Gordon,438,0.327071358,0.339949749,6,6,0,0.327071358,0.89563721,0.328934893
Anthony Martial,17,9,200,2625,27,439.3,855.6,1297,259.4,14,85,553,Anthony Martial,2672,13.24049478,4.618776655,80,30,1,12.47932606,20.40956319,6.357817467
Antonio R�diger,2,0,63,1710,24,93.3,389.4,194,67.7,5,59,1822,Antonio Rüdiger,1710,0.930454697,1.177513458,12,5,3,0.930454697,6.220131254,6.190619096
Anwar El Ghazi,4,5,93,2046,48,482.2,383.2,655,152,5,52,5612,Anwar El Ghazi,2082,6.381360174,2.877201503,53,30,3,5.620191337,8.016558893,2.210284133
Arnaut Danjuma Groeneveld,0,1,24,625,12,82.6,60.6,139,27.9,2,58,8066,Arnaut Danjuma Groeneveld,614,1.048507299,0.163910229,13,5,0,1.048507299,1.204533551,0.269083058
Arthur Masuaku,0,1,26,930,18,128.6,240.8,53,42.4,2,41,1760,Arthur Masuaku,925,0.099221125,1.252851464,5,7,4,0.099221125,3.070639553,2.874283677
Ashley Barnes,6,0,61,1350,21,85.1,226.2,474,75.9,8,61,4422,Ashley Barnes,1386,6.516927354,0.308820501,40,5,4,5.755758502,5.060966618,1.574079214
Ashley Westwood,2,7,118,3150,39,814.2,596.8,135,154.7,15,55,669,Ashley Westwood,3150,1.175162575,7.076901875,13,54,9,1.175162575,9.225508247,6.144054685
Ashley Young,0,0,24,953,10,316.6,155.6,18,49.1,2,54,631,Ashley Young,956,0.082673592,1.668738812,3,19,5,0.082673592,3.162055077,2.879492687
Aymeric Laporte,1,0,63,1096,5,62.2,246.8,79,38.7,8,63,2498,Aymeric Laporte,1112,0.719227731,0.17903731,4,3,1,0.719227731,7.432042468,7.252388287
Ayoze P�rez,8,5,129,1998,25,443.9,547.4,779,177.3,9,60,770,Ayoze Pérez,2045,6.557796832,4.091643615,47,28,0,5.796627995,12.85032268,4.473776834
Bamidele Alli,8,6,117,1845,25,328.6,531.2,627,148.9,4,83,645,Dele Alli,1862,7.915494641,3.483860461,42,23,2,7.154325774,16.53097519,6.692906079
Ben Davies,0,0,41,1430,19,172.4,279.8,94,54.4,4,53,660,Ben Davies,1434,0.219251541,0.957883164,7,9,6,0.219251541,4.067890851,3.523901632
Ben Foster,0,0,137,3420,64,10.1,904.6,17,93.5,9,49,803,Ben Foster,3420,0.345803916,0.036706571,1,1,1,0.345803916,1.580454676,1.543748102
Ben Godfrey,0,0,38,2644,62,57,602.8,119,78.3,3,44,7689,Ben Godfrey,2649,0.858222793,0.07431055,15,3,3,0.858222793,6.353033338,6.246153906
Ben Mee,1,2,110,2880,45,105.8,658.8,362,112.9,13,49,1654,Ben Mee,2880,1.304819609,1.779614417,17,9,7,1.304819609,1.880477197,1.744089734
Ben Osborn,0,0,19,590,4,108.5,78.4,65,25.3,2,47,7714,Ben Osborn,586,0.195210319,0.887879334,3,7,0,0.195210319,2.333208814,1.588596284
Benjamin Chilwell,3,3,114,2374,26,545.4,546,208,130,9,54,782,Ben Chilwell,2382,1.097727578,3.535527088,16,33,3,1.097727578,10.08815698,8.040457761
Benjamin Mendy,0,2,74,1491,13,403.2,243,106,75.5,9,55,3389,Benjamin Mendy,1508,0.317463351,1.626008035,10,21,3,0.317463351,10.95017843,10.00816064
Bernard An�cio Caldeira Duarte,3,2,72,1269,12,349.1,315,236,89.8,9,64,7063,Bernard,1267,1.697565462,2.303722244,12,24,2,1.697565462,6.573716749,3.049445613
Bernardo Fernandes da Silva Junior,0,0,21,675,17,72.6,154,92,31.9,1,43,5245,Bernardo,678,0.454292418,0.940380573,7,4,1,0.454292418,2.120071644,1.333890948
Bernardo Mota Veiga de Carvalho e Silva,6,7,116,2021,24,773.2,626.2,927,232.5,9,76,3635,Bernardo Silva,2020,7.420340553,6.312828656,52,51,5,7.420340553,23.83779613,14.72735246
Bernd Leno,0,0,114,2649,39,0,843.2,0,84.1,7,48,181,Bernd Leno,2649,0,0,0,0,2,0,4.038202188,4.038202188
Billy Sharp,3,2,57,1037,10,186.2,175.4,348,69.9,4,52,7712,Billy Sharp,1045,4.138954329,3.010327695,16,15,1,4.138954329,5.81258146,1.03714823
Bjorn Engels,1,0,42,1446,32,31.9,329.6,81,44.5,3,43,7152,Björn Engels,1447,0.78422082,0.143362265,8,2,1,0.78422082,3.801219388,3.748132407
Brandon Williams,1,1,51,1003,11,191.2,200,100,49.2,5,38,8075,Brandon Williams,1005,0.997884337,0.667070037,6,13,6,0.997884337,5.710485708,4.348557124
Bruno Miguel Borges Fernandes,8,8,117,1187,6,479.3,551.8,361,139.2,9,90,1228,Bruno Fernandes,1211,5.986080505,2.755000275,44,30,2,2.941441901,8.513760548,4.864245452
Bukayo Saka,1,6,71,1746,18,322.5,327.2,248,89.8,7,47,7322,Bukayo Saka,1769,1.142438736,3.680353556,13,21,6,1.142438736,7.812505633,5.022924855
Callum Hudson-Odoi,1,5,53,849,14,341.4,235.2,325,89.9,2,51,6456,Callum Hudson-Odoi,816,2.015142947,2.708166324,21,20,1,2.015142947,7.247335625,3.847064415
Callum Robinson,1,2,33,669,6,72.8,79.8,156,30.4,2,49,4476,Callum Robinson,674,1.561250001,0.652646471,12,4,1,1.561250001,2.835600728,0.701838643
Callum Wilson,8,6,116,2906,53,391.1,397.4,848,162.6,4,74,468,Callum Wilson,2916,9.842873976,3.349536281,53,30,10,9.842873976,12.56294923,2.707836364
Calum Chambers,1,1,42,1102,15,113.5,272,203,58.7,3,43,508,Calum Chambers,1102,0.632949534,2.241443794,12,7,5,0.632949534,4.406148262,3.210471027
Cenk Tosun,2,0,24,462,6,63.4,89,229,37.7,2,57,6477,Cenk Tosun,467,1.912885755,0.622838832,15,5,0,1.912885755,2.320384614,0.262302876
Charlie Taylor,0,1,84,1944,18,243,382.6,19,64.7,10,43,6044,Charlie Taylor,1938,0.014006257,0.863097904,1,12,3,0.014006257,3.498769421,3.250042129
Che Adams,4,4,78,1095,17,184.9,226.2,524,92.3,4,53,7700,Che Adams,1096,5.865681563,1.988808864,36,13,0,5.865681563,7.280021018,1.205721572
Cheikhou Kouyat�,1,2,85,2524,36,162.3,394.6,279,83.5,10,48,532,Cheikhou Kouyaté,2560,2.117945788,0.769087801,24,10,4,2.117945788,3.46302138,1.339796004
Chris Basham,0,1,123,3242,37,212.1,707.6,103,102.7,13,46,7704,Chris Basham,3275,0.329538924,1.312220134,6,13,4,0.329538924,4.455961814,4.018944854
Chris Mepham,1,0,27,911,19,20.8,276.8,138,43.7,1,43,7384,Chris Mepham,909,1.053304762,0.076736383,7,1,1,1.053304762,0.943722505,0.748095088
Chris Wood,14,1,136,2436,33,299.6,552.2,1070,190.8,11,62,4456,Chris Wood,2462,17.22620152,1.470996089,65,22,1,16.46503271,12.64265088,2.455410915
Christian Atsu,0,3,37,738,15,186.7,121.4,55,36.3,3,53,2344,Christian Atsu,733,0.246356724,0.712301994,5,13,2,0.246356724,1.533489108,0.70730472
Christian Benteke,2,1,42,1252,18,248.3,231.8,632,110.9,5,57,606,Christian Benteke,1249,4.627831593,2.459479935,41,19,4,4.627831593,6.465700822,0.718946507
Christian Eriksen,2,2,48,1090,18,348.9,262.4,225,83.3,1,86,646,Christian Eriksen,1075,1.764430705,2.259517334,26,23,5,1.764430705,4.081463946,1.779374362
Christian Fuchs,0,0,26,770,10,53.5,144.4,20,21.8,2,42,749,Christian Fuchs,760,0.183224809,0.100933835,5,2,0,0.183224809,4.192030072,4.115167767
Christian Kabasele,0,2,73,2250,35,55.3,477,164,69.9,7,43,1725,Christian Kabasele,2261,0.825311513,0.639217475,9,5,1,0.825311513,2.303734001,2.278400663
Christian Pulisic,9,8,127,1717,28,426,556.2,1059,204.2,6,74,2662,Christian Pulisic,1738,8.925186411,4.296079734,63,30,0,8.925186411,16.7466635,7.069776656
Christoph Zimmermann,0,1,35,1430,27,25.5,366.4,62,45.6,3,44,7990,Christoph Zimmermann,1424,0.257801182,0.075271977,6,2,3,0.257801182,2.754293101,2.70889226
C�dric Soares,1,1,61,1553,20,218.9,349,118,68.7,4,48,847,Cédric Soares,1567,0.656549693,0.829959851,10,12,1,0.656549693,3.043896351,1.997348931
C�sar Azpilicueta,2,6,130,3229,53,708.7,905.2,438,205.4,8,61,681,César Azpilicueta,3234,2.594344435,6.033903409,29,45,1,2.594344435,18.32702097,14.6431766
Ciaran Clark,2,0,49,1186,14,14.9,331.4,128,47.6,4,43,875,Ciaran Clark,1192,0.751912046,0.054861814,6,1,3,0.751912046,2.049424434,2.008845856
Claudio Bravo,0,0,11,346,7,0,57.8,0,5.8,1,47,1731,Claudio Bravo,347,0,0,0,0,0,0,0.704124503,0.704124503
Conor Coady,0,0,118,3420,40,68.8,556.4,0,62.4,13,51,6851,Conor Coady,3420,0,0.532123715,0,5,5,0,9.533743877,9.087924179
Conor Hourihane,3,5,83,1526,29,551.8,384.8,317,125.3,6,57,7721,Conor Hourihane,1549,1.628339322,5.731440917,29,38,4,1.628339322,6.007942509,3.157467728
Craig Cathcart,0,0,77,2488,37,34.8,458,57,55.1,9,41,581,Craig Cathcart,2490,0.185175627,0.075387847,2,2,7,0.185175627,2.232964621,2.1953315
Craig Dawson,2,0,61,2359,49,67.5,550.6,403,102.1,4,48,804,Craig Dawson,2356,2.240868636,0.337461233,26,5,6,2.240868636,4.197167753,3.989171052
Dale Stephens,0,1,63,2525,42,292.8,438.6,90,82.2,6,44,6051,Dale Stephens,2528,0.444134231,1.247191878,19,18,8,0.444134231,7.186789788,6.239625992
Dan Burn,0,0,86,2879,42,311.9,602.8,128,104.2,9,45,7382,Dan Burn,2879,1.905361064,1.673676011,13,20,5,1.905361064,7.785169064,6.515010974
Dan Gosling,3,1,54,1254,23,151.9,316.4,259,72.6,2,48,462,Dan Gosling,1255,2.929863861,1.369174778,13,10,3,2.929863861,3.787046971,1.441902149
Daniel Ceballos Fern�ndez,0,2,57,1687,21,439.9,346.4,130,91.7,7,52,2446,Dani Ceballos,1722,0.470074136,1.576143669,13,28,1,0.470074136,8.663117463,7.352911368
Daniel Drinkwater,0,0,6,317,11,21.2,18.6,8,4.7,0,44,752,Daniel Drinkwater,331,0.098268516,0.040286142,2,1,1,0.098268516,0.836057734,0.737789217
Daniel James,3,6,95,2281,29,428.1,415.2,622,146,7,57,5595,Daniel James,2291,3.603131093,4.264184529,42,26,4,3.603131093,11.15898939,5.398974547
Danny Ings,22,2,198,2800,44,458.3,1010,1558,302.4,6,76,986,Danny Ings,2836,15.65971717,2.849085093,93,35,3,14.13737948,18.4880315,5.015938126
Danny Rose,0,0,47,1753,28,230.8,288.4,44,56.5,5,53,641,Danny Rose,1766,0.088198494,0.880574301,2,14,7,0.088198494,2.99389316,2.684895511
Danny Welbeck,2,1,39,813,15,51.5,128.2,350,53,1,58,501,Danny Welbeck,791,3.385595039,0.235427277,22,3,0,3.385595039,3.556654464,0.284799018
Daryl Janmaat,0,1,36,606,5,108.4,116,46,27.1,4,40,764,Daryl Janmaat,611,0.330764966,0.398330111,4,6,1,0.330764966,1.803520592,1.27393504
David Brooks,1,0,21,505,12,100.8,82.2,71,25.4,1,61,6820,David Brooks,533,0.432611316,0.53464643,6,6,1,0.432611316,0.864390031,0.132105457
David de Gea,0,0,143,3420,36,0,695,0,69.2,13,53,546,David de Gea,3420,0,0,0,0,2,0,4.695210683,4.695210683
David Luiz Moreira Marinho,2,1,94,2809,42,106.7,701.6,211,102.1,8,57,1676,David Luiz,2818,1.560153572,0.797488006,23,4,5,1.560153572,9.724225353,8.911323082
David Martin,0,0,20,435,6,0,112,0,11.2,2,39,8082,David Martin,436,0,0,0,0,1,0,0.16211921,0.16211921
David McGoldrick,2,2,65,1810,18,268.4,303.4,584,115.2,7,54,7711,David McGoldrick,1841,8.715956422,2.095128213,45,17,2,8.715956422,12.23881134,3.086360356
David Silva,6,12,139,1821,15,735.8,639.6,937,231.2,11,75,617,David Silva,1846,6.932368677,7.650987539,46,49,0,6.932368677,24.68700399,12.76422046
Davinson S�nchez,0,2,64,2431,37,31,550,82,66.5,4,53,6249,Davinson Sánchez,2433,0.755370375,0.036288917,7,1,6,0.755370375,7.255796818,7.219507901
Davy Pr�pper,1,2,78,2826,46,434.1,522.2,271,122.5,6,48,6050,Davy Pröpper,2826,1.866220035,2.977776509,29,29,4,1.866220035,11.8928247,8.669299828
Dean Henderson,0,1,160,3240,33,10,718.8,18,74.8,13,52,7702,Dean Henderson,3240,0.033040807,0.021868819,1,1,2,0.033040807,0.293627672,0.293627672
DeAndre Yedlin,1,0,26,934,18,118.1,165.6,43,32.9,1,44,727,DeAndre Yedlin,935,0.751930058,0.26691528,1,7,3,0.751930058,2.288469603,1.339944096
Declan Rice,1,5,105,3420,62,350.8,715.8,259,132.5,7,47,5553,Declan Rice,3420,1.26638991,1.306303457,31,22,6,1.26638991,8.693383524,7.636568044
Dejan Lovren,0,1,18,776,11,28.1,196.6,72,29.8,0,53,602,Dejan Lovren,774,0.204140086,0.301988304,5,1,1,0.204140086,3.091093484,3.091093484
Demarai Gray,2,4,44,605,6,242.3,205.4,263,70.8,1,50,762,Demarai Gray,580,2.76719665,2.233955882,23,16,1,2.006027812,4.819445711,1.811534118
Dennis Praet,1,3,54,1122,17,161.6,196.2,210,56.5,2,52,1234,Dennis Praet,1124,1.20771589,1.492880721,16,9,2,1.20771589,6.806874417,5.090953033
Diego Rico,0,5,84,2333,38,558.9,596.6,96,125.5,6,42,5065,Diego Rico,2346,0.33659481,2.5829773,11,31,6,0.33659481,4.199680838,3.412198318
Diogo Jota,7,3,105,2278,28,453.3,457.8,1139,204.9,10,60,6854,Diogo Jota,2329,12.01767508,2.642562356,69,29,4,12.01767508,16.14993271,4.09800736
Divock Origi,4,3,65,699,12,128.8,201.8,222,55,2,51,484,Divock Origi,680,2.096560309,0.82535544,14,8,1,2.096560309,3.536445742,0.834247448
Djibril Sidib�,0,4,74,1818,30,341.5,463,121,92.5,5,50,3357,Djibril Sidibe,1806,0.301567091,2.564887006,12,19,3,0.301567091,7.775435114,5.019268615
Dominic Calvert-Lewin,13,1,126,2621,43,241.4,562.8,1272,206.3,8,61,5555,Dominic Calvert-Lewin,2639,16.10984292,1.336224832,85,15,9,16.10984292,17.21249953,3.896764422
Dominic Solanke,3,2,69,1637,39,202.5,223.2,569,99.4,1,51,1679,Dominic Solanke,1617,4.439334521,1.05356199,32,15,1,4.439334521,6.863944223,2.417156931
Douglas Luiz Soares de Paulo,3,2,90,2604,51,293.2,508.6,377,118,8,43,6122,Douglas Luiz,2602,2.277795438,2.004114667,38,17,8,2.277795438,5.569815008,3.396517634
Dwight Gayle,4,2,58,842,15,86.2,217,348,64.7,4,50,743,Dwight Gayle,856,4.639500037,0.890067921,23,6,2,4.639500037,5.124921843,1.841265086
Dwight McNeil,2,7,123,3339,48,931.4,644.2,430,200.6,16,60,6756,Dwight McNeil,3360,1.938933546,7.56243,48,55,5,1.938933546,10.70158816,3.791263087
Ederson Santana de Moraes,0,0,133,3071,31,16,608.6,0,62.3,16,61,6482,Eddie Nketiah,629,3.4787293,0.631174701,15,5,0,3.4787293,4.134649701,0.578408159
Edward Nketiah,2,0,25,628,9,67,90.4,210,36.4,3,43,6054,Ederson,3071,0,0.074793592,0,1,3,0,8.338199552,8.263405945
Emerson Palmieri dos Santos,0,0,19,1022,21,298.7,207.8,225,73.2,1,54,1245,Emerson,1019,1.099134436,1.687928706,13,19,3,1.099134436,6.990983002,5.515447676
Emil Krafth,0,1,37,1015,23,28.8,184.4,39,25.2,3,43,1545,Emil Krafth,1024,0.35268707,0.703287482,4,1,0,0.35268707,1.795727298,0.739752745
Emiliano Buend�a,1,7,94,2458,54,1196.7,711.6,401,231.1,3,60,2203,Emiliano Buendía,2462,2.169868305,7.190962212,40,83,6,2.169868305,12.54794856,7.511154667
Emiliano Mart�nez,0,0,33,770,9,0,256.8,0,25.8,3,44,4401,Emiliano Martinez,771,0,0,0,0,2,0,0.907871846,0.907871846
Enda Stevens,2,4,142,3345,39,554.5,641,338,153.5,13,52,7707,Enda Stevens,3350,1.521256872,5.414862501,22,34,7,1.521256872,13.60974467,10.10498678
Eric Dier,0,2,36,1340,23,100.2,297.2,56,45.6,3,48,643,Eric Dier,1339,1.029715933,0.283680497,8,7,5,1.029715933,5.148773747,4.25066315
Eric Garcia,0,0,38,790,7,42.2,153,26,22.2,5,45,8045,Eric Garcia,780,0.603948176,0.222609509,2,2,1,0.603948176,4.964900881,4.964900881
Erik Lamela,2,5,65,1203,12,284.2,226.2,337,84.5,5,57,644,Erik Lamela,1190,2.30997267,1.011313845,29,18,3,2.30997267,6.637918632,4.436078742
Erik Pieters,0,5,77,1876,35,273.8,355.4,90,71.6,6,43,887,Erik Pieters,1880,0.451019884,2.698189762,14,18,2,0.451019884,5.004477552,2.330093649
Etienne Capoue,0,4,78,2627,48,313.6,482.8,102,90,8,48,572,Etienne Capoue,2643,0.64165831,2.543247055,19,19,8,0.64165831,8.066860909,6.257090844
Ezequiel Schelotto,0,0,9,357,7,12.7,38.4,65,11.4,0,39,3873,Ezequiel Schelotto,362,0.254964938,0,4,0,1,0.254964938,0.49947959,0.244514655
Ezri Konsa Ngoyo,1,2,65,2038,39,151.8,400.6,173,72.8,5,43,7726,Ezri Konsa Ngoyo,2054,1.669818348,0.885057818,11,11,3,1.669818348,2.952718263,2.549149277
Fabian Delph,0,0,24,1187,24,146.7,183,24,35.4,2,53,876,Fabian Delph,1194,0.045710572,0.478917675,3,7,3,0.045710572,5.085359991,4.884202838
Fabian Sch�r,2,1,55,1669,38,58.3,440.6,179,67.8,4,50,76,Fabian Schär,1675,1.059588282,0.10137989,20,4,5,1.059588282,2.578661961,1.865305668
Fabi�n Balbuena,1,0,40,1176,24,18.5,268,149,43.6,3,43,6892,Fabián Balbuena,1174,1.338660404,0.461692691,10,1,2,1.338660404,1.545749985,1.545749985
Fabio Henrique Tavares,2,3,77,2073,26,322.4,431.6,85,84,6,54,3420,Fabinho,2063,0.308101526,1.675140117,12,19,6,0.308101526,11.5025769,10.2851079
Federico Fern�ndez,2,3,102,2617,42,74.5,741,223,103.7,8,46,708,Federico Fernández,2610,1.781357942,1.465211019,15,4,8,1.781357942,4.351393968,3.797487251
Felipe Anderson Pereira Gomes,1,4,66,1493,27,414.7,377.2,355,114.8,7,66,1208,Felipe Anderson,1531,2.634846702,2.64747778,23,25,1,2.634846702,8.100950414,3.814729502
Fernando Luiz Rosa,0,1,55,2394,27,146.2,557.6,175,87.9,10,51,614,Fernandinho,2401,0.761759222,0.447912704,16,8,7,0.761759222,16.46185849,16.19297589
Fikayo Tomori,1,0,48,1291,18,68.6,335.4,79,48.5,4,42,703,Fikayo Tomori,1299,0.562975382,0.119876601,7,4,3,0.562975382,5.061155995,4.995166844
Florian Lejeune,2,0,24,440,10,12.6,132,81,22.5,1,43,5073,Florian Lejeune,442,0.381147097,0.051249225,4,1,0,0.381147097,0.268942289,0.206484098
Frederico Rodrigues de Paula Santos,0,0,50,2157,26,542.7,430.6,260,123.5,6,51,6817,Fred,2147,1.591740058,2.314132543,40,35,8,1.591740058,12.0332467,9.726845287
Francisco Femen�a Far,0,1,54,2236,46,320.9,363.2,58,74.4,5,42,5043,Kiko Femenía,2253,0.12204704,1.201011118,5,18,5,0.12204704,3.485389378,2.782934683
Fr�d�ric Guilbert,0,2,62,2038,36,241.5,451.2,77,77.2,6,43,3253,Frederic Guilbert,2045,0.417596782,1.389764119,8,13,6,0.417596782,4.420983244,3.741674721
Gabriel Fernando de Jesus,14,8,146,2018,14,447.7,757.6,1620,282.1,12,99,5543,Gabriel Jesus,2022,21.0152013,3.598858256,101,32,3,20.25403243,27.65223386,7.181309737
Gabriel Teodoro Martinelli Silva,3,1,39,656,9,36.6,162.8,226,42.5,2,42,7752,Gabriel Martinelli,643,2.242483456,0.113541884,12,2,1,2.242483456,2.99593303,0.639907656
Gary Cahill,0,1,70,2167,35,40,448.4,342,83.4,7,43,699,Gary Cahill,2167,1.610497998,0.431655612,21,3,1,1.610497998,1.811500825,1.751877161
George Baldock,2,4,142,3420,39,485.7,559.8,241,128.6,13,50,7706,George Baldock,3420,0.763005788,1.62530896,13,22,7,0.763005788,8.718191016,7.147828612
Georginio Wijnaldum,4,0,107,2933,28,344.1,452.8,423,122,12,54,771,Georginio Wijnaldum,2980,2.651081571,0.808545718,36,18,0,2.651081571,13.4786532,10.85671391
Gerard Deulofeu,4,5,88,2097,33,602.3,458.4,896,195.4,8,61,591,Gerard Deulofeu,2137,6.213232521,4.786341347,63,43,4,5.452063657,11.51365806,3.673295915
Giovani Lo Celso,0,3,54,1482,18,459.4,303.2,176,93.9,6,73,5681,Giovani Lo Celso,1477,1.379527796,1.707291834,18,29,6,1.379527796,7.932056021,5.939790461
Glenn Murray,1,1,36,785,10,57.1,74,249,37.7,2,54,882,Glenn Murray,761,2.606120537,0.867527336,18,3,0,2.606120537,3.274798197,0.603656955
Granit Xhaka,1,2,73,2586,31,298.5,486.2,110,89.9,10,51,204,Granit Xhaka,2598,0.57122991,0.972196633,11,16,10,0.57122991,12.97385988,12.26305776
Grant Hanley,0,0,23,1261,25,3.6,318.8,76,40,2,40,7690,Grant Hanley,1261,0.439899426,0,8,0,4,0.439899426,1.799297087,1.799297087
Gylfi Sigurdsson,2,4,95,2555,45,765.1,454.6,484,170.5,6,73,714,Gylfi Sigurdsson,2580,4.019367754,4.011605945,46,52,3,3.258198898,11.04620074,7.521261834
Hamza Choudhury,1,1,35,883,12,70,177.6,83,33.1,3,42,6418,Hamza Choudhury,879,0.336653279,0.112837642,7,4,2,0.336653279,2.745781757,2.528091561
Harry Kane,18,2,158,2588,36,391,843.8,1071,230.6,6,110,647,Harry Kane,2595,13.29706595,3.117006309,82,27,4,11.77476505,16.85461588,3.051301309
Harry Maguire,1,0,123,3420,36,214.6,772,371,136.2,13,53,1687,Harry Maguire,3420,2.772249752,0.453924693,31,16,6,2.772249752,12.0299432,11.71480491
Harry Wilson,7,1,91,1637,32,242.1,377.4,667,128.5,2,57,5596,Harry Wilson,1672,4.16500081,2.217743622,56,14,2,4.16500081,7.921821792,4.210727058
Harry Winks,0,0,52,2223,31,323.4,361.8,74,76.1,6,52,971,Harry Winks,2236,0.390079569,0.8992681,14,17,9,0.390079569,7.997803209,7.140216051
Harvey Barnes,6,10,133,2075,24,517.4,525,893,193.7,9,58,6681,Harvey Barnes,2094,8.480619835,4.085434273,61,35,0,8.480619835,17.09378569,6.48778346
Heung-Min Son,11,13,169,2478,32,606.1,800.6,1144,254.6,7,97,453,Son Heung-Min,2511,9.701704866,6.721727088,81,41,0,8.940535909,18.80001169,6.514012955
H�ctor Beller�n,1,0,44,1156,18,76.9,187.8,103,37,4,52,492,Héctor Bellerín,1164,0.432504617,0.449982606,7,3,2,0.432504617,4.19036074,3.453754239
Hugo Lloris,0,0,98,1808,21,0,564.6,0,56.5,6,53,637,Hugo Lloris,1808,0,0,0,0,0,0,0.612896809,0.612896809
�aglar S�y�nc�,1,1,120,3036,35,79,755.6,238,107.5,12,49,5264,Caglar Söyüncü,3042,1.431615431,0.310193662,17,5,4,1.431615431,6.562317109,6.455812385
�rjan Nyland,0,0,15,537,12,0,101.2,0,10.2,1,43,250,Ørjan Nyland,536,0,0,0,0,0,0,0.194506988,0.194506988
Ibrahim Amadou,0,0,18,756,20,18.3,177.2,31,22.7,1,45,3358,Ibrahim Amadou,757,0.592750007,0.050286222,6,1,1,0.592750007,1.24645482,1.150982291
Ilkay G�ndogan,2,1,65,2012,28,592.3,408.4,374,137.5,7,51,314,Ilkay Gündogan,2006,4.346703093,2.919196378,32,34,7,2.824402241,19.26157467,15.24622955
Isaac Hayden,1,4,73,2220,36,227.6,368.6,189,78.5,8,44,6062,Isaac Hayden,2224,1.390735574,2.533773718,18,15,4,1.390735574,7.82953654,4.89385092
Isma�la Sarr,5,7,107,2023,35,391.9,392,637,142.2,6,59,5675,Ismaila Sarr,2038,5.968198502,4.351109144,43,25,1,5.968198502,11.6523366,3.366789443
Issa Diop,3,1,76,2765,54,64.3,610,210,88.7,4,43,3203,Issa Diop,2767,1.795262912,1.828402793,16,5,8,1.795262912,3.843444647,3.618653284
Jack Cork,0,0,70,2614,41,198.2,313.2,311,82.4,12,49,712,Jack Cork,2627,1.345175726,1.172848172,18,12,1,1.345175726,6.311918277,4.833094614
Jack Grealish,8,7,149,3233,63,1209.2,826.6,837,287,7,59,675,Jack Grealish,3235,6.844703699,7.637995329,73,92,8,6.083534846,18.37364167,9.304536566
Jack O'Connell,0,1,111,2915,28,262.3,576.6,246,108.6,12,45,7705,Jack O&#039;Connell,2913,0.828777321,3.557616675,14,16,4,0.828777321,7.513776335,6.322382801
Jack Robinson,0,0,14,504,11,30.4,106.8,2,14,1,40,8286,Jack Robinson,507,0,0.148165975,0,2,0,0,1.092676114,0.944510141
Jack Stacey,0,2,39,1547,27,147.2,308.8,86,54.3,1,43,7823,Jack Stacey,1553,0.561606787,2.406902581,5,10,2,0.561606787,5.17683972,3.120716247
Jack Stephens,1,3,85,2451,39,101.5,566.2,97,76.6,7,44,1735,Jack Stephens,2456,0.933329456,1.174786873,6,8,4,0.933329456,5.805270739,4.653188629
Jairo Riedewald,0,0,22,761,9,47.1,117,27,19.1,0,45,6027,Jairo Riedewald,747,0.046988671,0.210897446,3,2,0,0.046988671,1.32526215,1.193236528
Jamaal Lascelles,1,0,73,2076,31,28.1,403,125,55.7,8,42,766,Jamaal Lascelles,2084,0.441191585,0.14197477,9,2,5,0.441191585,2.998541767,2.853571115
Jamal Lewis,1,0,48,2301,56,262.2,439,130,83.3,3,44,7691,Jamal Lewis,2311,0.348726461,1.011701008,9,15,4,0.348726461,4.066843003,2.890742601
James Justin,0,1,35,1010,14,195,240.6,61,49.6,4,47,7753,James Justin,1005,0.267881128,1.079851244,7,12,1,0.267881128,4.534260921,3.331790112
James Maddison,6,5,125,2624,26,1246.4,642.4,702,259.2,10,73,6818,James Maddison,2632,5.021774916,5.768516241,74,79,4,5.021774916,14.3790017,8.763976753
James McArthur,0,4,92,3091,38,486.6,586.6,421,149.6,11,52,633,James McArthur,3145,1.805841227,2.996064655,28,34,6,1.805841227,7.98980388,4.762050416
James McCarthy,0,0,41,1668,29,268.3,268.8,80,61.8,2,42,589,James McCarthy,1641,0.415182526,1.398389746,12,17,9,0.415182526,3.684040502,2.971497422
James Milner,2,2,49,924,9,177.1,237.2,100,51.4,4,53,489,James Milner,895,2.164733507,0.934652116,12,11,4,0.642395802,6.646241307,5.740981162
James Tarkowski,2,3,143,3420,50,167.1,919.8,410,149.9,15,55,1665,James Tarkowski,3420,2.621869174,3.587190253,21,15,10,2.621869174,3.144728767,2.991728919
James Tomkins,1,1,48,1582,23,27.7,384,121,53.3,3,49,530,James Tomkins,1589,1.054326991,0.118945889,9,2,5,1.054326991,2.64926759,2.5303217
James Ward-Prowse,5,4,117,3420,60,989.9,864.6,548,240.7,9,57,843,James Ward-Prowse,3420,7.061390931,5.76154747,57,61,9,4.777884329,13.29220022,9.146257374
Jamie Vardy,23,7,210,3032,38,418.4,1026,1455,288.8,11,97,755,Jamie Vardy,3034,18.90353732,6.36829756,89,32,3,15.09769312,21.02660731,1.724340666
Jan Bednarek,1,1,84,3057,57,45.5,729.8,95,87.5,7,44,6042,Jan Bednarek,3059,1.060794048,1.09412053,7,3,4,1.060794048,4.889748644,4.872771088
Jan Vertonghen,1,1,62,1644,24,56.1,398.4,63,51.9,4,52,640,Jan Vertonghen,1651,0.637748884,1.017921805,4,3,2,0.637748884,4.369382696,3.715995932
Jannik Vestergaard,1,0,51,1496,26,81.3,363.8,183,62.8,4,45,111,Jannik Vestergaard,1500,0.67693672,0.7554683,12,6,3,0.67693672,3.913532881,3.750416284
Japhet Tanganga,0,0,17,525,7,17.2,134.4,20,17.1,2,39,8222,Japhet Tanganga,528,0.053468216,0.029117819,3,1,1,0.053468216,0.74895981,0.708457027
Jarrod Bowen,1,4,44,916,13,235,221.4,342,79.8,1,64,1776,Jarrod Bowen,935,2.31647383,2.612398013,24,15,0,2.31647383,5.648861565,2.029872507
Javier Manquillo,0,1,65,1597,21,100.8,232,40,37.3,8,43,1719,Javier Manquillo,1598,0.035947606,0.262780737,1,5,5,0.035947606,3.059056005,2.839415492
Jay Rodriguez,8,2,100,2002,34,135,431.4,827,137.8,7,57,844,Jay Rodriguez,1987,8.956882774,0.768310897,67,6,1,8.195713877,7.035942082,1.257896686
Jeff Hendrick,2,2,67,1930,30,213.7,269.8,282,76.5,10,54,1746,Jeff Hendrick,1944,2.102083635,1.378748854,22,14,8,2.102083635,4.952221878,2.434791435
Jefferson Lerma,1,2,65,2702,49,189.4,439,169,79.4,4,48,2182,Jefferson Lerma,2724,0.815331141,1.531303081,30,11,11,0.815331141,8.758199345,8.174161017
Jeffrey Schlupp,3,1,51,1030,16,101.9,240,266,60.8,4,54,757,Jeffrey Schlupp,1035,2.184974889,0.948796737,18,7,2,2.184974889,3.242849723,1.128528431
Jeremy Ngakia,0,0,8,440,8,10.7,78,9,9.8,0,40,8235,Jeremy Ngakia,442,0.014036505,0,1,0,0,0.014036505,0.89196482,0.877928314
Jesse Lingard,1,0,32,923,14,278.2,109,297,68.2,1,63,558,Jesse Lingard,919,2.327569552,1.110420321,22,20,3,2.327569552,7.162810549,3.927907876
Jetro Willems,2,2,64,1492,24,196,345.4,198,74.1,3,43,6143,Jetro Willems,1501,0.485310218,1.082735077,14,16,0,0.485310218,3.265106991,1.965357644
Joel Matip,1,0,39,703,5,23,198.2,39,26.2,3,52,332,Joel Matip,706,0.301780706,0.015664158,4,1,0,0.301780706,1.555288021,1.539623862
Joel Ward,0,1,77,2380,36,117,427,49,59.5,7,43,510,Joel Ward,2383,0.198826101,0.250573736,5,5,4,0.198826101,2.54627021,2.205837969
Joelinton C�ssio Apolin�rio de Lira,2,2,78,2678,46,433.4,330.8,641,140.5,9,55,87,Joelinton,2722,6.031041045,3.101166109,50,29,7,6.031041045,12.04208388,4.82217684
Johann Berg Gudmundsson,1,1,30,617,7,215.4,118.6,108,44.1,3,59,1663,Johann Berg Gudmundsson,629,0.723538265,0.918074243,10,14,0,0.723538265,1.565794177,1.005730655
John Egan,2,1,133,3187,33,25.4,641.4,587,125.4,13,47,7703,John Egan,3193,2.6867084,0.451592505,27,1,3,2.6867084,3.889271326,3.759345159
John Fleck,5,2,101,2515,30,648.8,527.4,419,159.6,8,47,7709,John Fleck,2513,3.248101874,3.42932895,31,39,8,3.248101874,10.27454457,5.323464704
John Lundstram,5,4,144,2452,29,382.9,502.8,449,133.9,10,46,7708,John Lundstram,2448,5.921482933,3.829640366,44,21,5,5.921482933,12.00811403,5.026100654
John McGinn,3,3,84,2312,41,503.3,458.6,499,145.9,6,52,7723,John McGinn,2323,3.982573007,2.617759112,55,37,3,3.982573007,9.970860671,5.289585173
John Stones,0,0,34,1118,16,53,216.4,66,33.7,3,53,586,John Stones,1114,0.547632621,0.060629928,6,2,0,0.547632621,6.485637009,6.466724321
Jo�o Filipe Iria Santos Moutinho,1,7,113,3105,36,1200.1,712,122,204,11,53,3422,João Moutinho,3100,0.687767527,6.775043549,22,76,7,0.687767527,11.93269111,10.85865741
Jo�o Pedro Cavaco Cancelo,0,0,45,1205,11,287.6,265,141,69.3,5,51,2379,João Cancelo,1198,0.560565183,2.999575402,15,17,4,0.560565183,14.22669828,11.60989326
Jonny,2,3,123,2885,35,379.2,543.6,299,122.4,11,55,2280,Jonny,2907,1.614042718,1.566812024,19,23,4,1.614042718,10.03451308,7.451252225
Jonjo Shelvey,6,2,105,2118,34,597.4,559.4,344,150.4,8,49,769,Jonjo Shelvey,2136,2.24221378,4.141612278,45,44,3,2.24221378,7.487127935,4.892644167
Jonny Evans,1,2,128,3384,41,131.9,755.2,325,121.4,13,53,807,Jonny Evans,3390,2.480743626,0.381034912,23,8,8,2.480743626,10.93947146,10.73453592
Jordan Ayew,9,3,132,3148,45,445.6,597.4,885,192.4,12,51,672,Jordan Ayew,3196,7.676179042,2.864641923,58,30,6,7.676179042,11.72133004,3.87739226
Jordan Henderson,4,5,116,2234,14,425.9,582.6,275,128.5,16,52,605,Jordan Henderson,2254,1.184688816,4.10806204,20,27,2,1.184688816,15.85856329,12.1521189
Jordan Pickford,0,0,117,3420,56,13,755.6,0,76.7,9,52,741,Jordan Pickford,3420,0,0.036478747,0,1,2,0,3.216958884,3.216958884
Jorge Luiz Frello Filho,4,3,92,2376,40,422.4,600,158,118.4,6,49,1389,Jorginho,2391,3.097004123,2.916516068,12,23,10,0.813497595,15.91804847,14.99246665
Joseph Gomez,0,0,93,1999,16,105.7,390.6,12,50.9,12,53,987,Joseph Gomez,1996,0.018379156,0.163564123,1,5,7,0.018379156,8.470328348,8.29664246
Joseph Willock,1,1,41,838,16,165.9,176.8,212,55.2,1,47,6630,Joe Willock,819,2.320996422,1.046809496,15,12,2,2.320996422,5.560237467,3.183693353
Josh Brownhill,0,0,21,805,10,58.5,101.2,49,20.8,4,48,8323,Josh Brownhill,808,0.318044197,0.122256584,6,3,2,0.318044197,2.09862379,1.89085114
Joshua King,6,5,99,2010,37,412.7,435.8,506,135.1,4,61,465,Joshua King,2033,6.534089729,4.133098684,26,30,0,4.250657398,8.373351187,3.02174308
Jos� Holebas,0,1,21,1022,28,208.4,171.4,62,44.1,2,46,568,José Holebas,1019,0.238553644,0.54293564,6,11,5,0.238553644,2.609519782,2.237692667
Angelino,0,1,11,422,7,164,92.6,58,31.6,0,46,1040,Angelino,417,0.209232934,1.923204936,5,9,1,0.209232934,2.763353288,2.369252861
Jota,0,1,17,329,5,56.9,47,73,17.3,2,57,2132,Jota,328,0.263800247,0.56823143,6,4,0,0.263800247,1.558620621,0.849068344
Jos� Reina,0,0,41,1080,20,10,289.4,0,30,2,42,1374,José Reina,1080,0,0.039028116,0,1,1,0,1.70922461,1.70922461
Josip Drmic,1,0,26,636,13,67.3,59.6,231,35.3,0,53,209,Josip Drmic,609,2.934155995,0.949162114,14,4,0,2.934155995,2.379446946,0.244455379
Juan Mata,0,2,38,747,8,293.9,109.2,130,53.4,4,61,554,Juan Mata,740,1.217082262,2.104931265,10,18,1,1.217082262,4.749433916,3.057509588
Junior Stanislas,3,1,42,706,17,185.4,179,241,60.7,1,58,463,Junior Stanislas,706,1.870865489,0.922529279,17,12,1,1.109696637,2.252744849,1.580289776
Kasper Schmeichel,0,0,156,3420,41,30,863.4,2,89.6,13,55,745,Kasper Schmeichel,3420,0.018557744,0.364433745,1,3,2,0.018557744,3.87591101,3.518941959
Keinan Davis,0,1,25,534,7,71.7,27.8,212,29.9,1,42,1053,Keinan Davis,514,1.985923849,0.180366119,17,6,0,1.985923849,2.638287212,1.306781422
Kelechi Iheanacho,5,4,64,953,9,204.2,288.2,603,109.4,3,57,620,Kelechi Iheanacho,976,5.90127157,2.588645751,36,15,1,5.90127157,8.980088063,1.332780542
Kenny McLean,1,1,77,2965,63,423.9,505.8,274,120.4,5,48,7693,Kenny McLean,2955,1.213697412,2.622597435,30,24,5,1.213697412,8.084727772,6.269315179
Kepa Arrizabalaga,0,0,90,2970,47,0,503.6,0,50.2,8,54,5061,Kepa,2970,0,0,0,0,0,0,5.265830476,5.265830476
Kevin De Bruyne,13,23,251,2790,22,1990.8,1322.2,1005,432.1,18,106,447,Kevin De Bruyne,2818,8.106427835,20.62070693,100,133,3,6.58409016,37.79831073,19.24482371
Kevin Long,0,0,21,562,5,1.3,104.8,24,13,2,43,1747,Kevin Long,560,0.105990048,0,2,0,0,0.105990048,0.850585878,0.757578969
Kieran Tierney,1,2,42,986,16,121.1,201.8,73,39.8,2,53,8089,Kieran Tierney,996,0.228362441,0.753617685,6,6,2,0.228362441,2.880771268,2.309806339
Kortney Hause,1,0,34,1544,34,33,352.8,248,63.4,2,44,6859,Kortney Hause,1541,2.823767407,0.490759835,20,2,3,2.823767407,1.735960333,1.735960333
Kurt Zouma,0,0,62,2343,37,40.1,518,162,71.7,7,47,935,Kurt Zouma,2340,1.469709527,0.121913828,15,1,6,1.469709527,9.402101983,9.392717806
Kyle Walker,1,4,114,2392,24,394.4,435.6,169,100.1,12,57,638,Kyle Walker,2407,1.312236728,1.930935388,14,19,5,1.312236728,17.87528704,16.14107899
Kyle Walker-Peters,0,1,32,944,12,108.6,168.2,48,32.2,2,44,885,Kyle Walker-Peters,946,0.119531885,0.74736209,3,6,1,0.119531885,2.343926486,1.64901511
Leander Dendoncker,4,0,100,2790,34,160.6,529.2,282,96.8,11,44,7236,Leander Dendoncker,2793,2.6380439,0.716940838,20,9,5,2.6380439,9.559081248,8.40288242
Leandro Trossard,5,5,104,2004,34,585.4,411.4,540,153.2,4,58,7698,Leandro Trossard,2018,5.354302024,4.625110671,41,42,0,5.354302024,12.01170401,4.77916933
Leighton Baines,0,1,14,400,8,123.8,81.8,5,21.2,0,49,588,Leighton Baines,399,0.043360382,0.761081086,1,7,0,0.043360382,1.677618213,1.677618213
Lewis Cook,0,1,40,1340,30,183.1,187.8,68,43.8,2,50,1789,Lewis Cook,1331,0.24775367,0.548651425,9,11,5,0.24775367,3.170845577,2.713585532
Lewis Dunk,3,3,128,3230,50,171.8,825.6,469,146.8,9,48,6048,Lewis Dunk,3233,3.71927774,1.26342325,31,14,9,3.71927774,8.553321623,8.347681749
Lloyd Kelly,0,0,11,638,15,28.4,73.4,20,12.2,1,44,8090,Lloyd Kelly,634,0.035675462,0.138222381,1,1,2,0.035675462,0.654059775,0.515837394
Lucas Digne,0,8,120,3031,49,1112,743,293,215,9,59,1823,Lucas Digne,3044,1.257189199,6.390029035,29,72,6,1.257189199,8.197329143,5.132402357
Lucas Rodrigues Moura da Silva,4,5,100,2235,29,477.1,494.6,751,172.1,6,70,3293,Lucas Moura,2261,5.582064642,3.279884607,56,35,3,5.582064642,10.08838138,3.178778965
Lucas Torreira,1,1,46,1501,23,207.1,281.8,207,69.7,3,47,1227,Lucas Torreira,1496,1.457248714,0.825807973,21,13,7,1.457248714,6.481219806,4.913524672
Luka Milivojevic,3,1,81,2510,38,499.1,460,190,114.9,7,67,5549,Luka Milivojevic,2519,2.495715669,1.736452141,31,29,12,0.973377994,4.504622877,3.986329461
Lukas Rupp,0,0,19,692,18,109.1,70.2,88,26.4,1,44,62,Lukas Rupp,701,0.855793107,0.775527481,4,8,1,0.855793107,2.554830967,0.923510366
Lukasz Fabianski,0,0,83,2117,34,0,531.2,0,53.2,5,49,706,Lukasz Fabianski,2117,0,0,0,0,1,0,1.003832517,1.003832517
Luke Freeman,0,0,13,360,5,77.4,46.2,25,14.9,1,50,7713,Luke Freeman,358,0.057679892,0.185561039,3,3,2,0.057679892,0.681846146,0.46212709
Luke Shaw,0,0,67,1730,15,321.2,344.2,187,85.1,8,54,1006,Luke Shaw,1735,0.719465985,1.375558405,11,19,7,0.719465985,7.25877029,6.281433146
Lys Mousset,6,4,84,1223,15,163.1,303,530,98.1,3,43,1748,Lys Mousset,1220,6.072983541,3.612106992,37,12,1,6.072983541,9.621278783,2.463755716
Mahmoud Ahmed Ibrahim Hassan,6,2,98,1936,29,303.7,422.4,741,145.7,6,52,7722,Trézéguet,1955,5.345049158,0.958256496,50,21,2,5.345049158,6.641214985,2.611431491
Mamadou Sakho,0,0,11,929,21,15.9,179.2,6,20.2,0,50,485,Mamadou Sakho,928,0,0.029572835,0,1,1,0,1.73845271,1.708879873
Manuel Lanzini,0,3,50,1370,30,464.8,219,281,96.5,2,61,535,Manuel Lanzini,1372,2.141773476,2.079108534,23,31,1,2.141773476,5.773349335,3.432397785
Marc Albrighton,0,3,38,857,11,287.9,190.6,102,58.1,3,51,753,Marc Albrighton,860,0.446091877,2.290337469,10,20,2,0.446091877,4.420472512,2.378024429
Marco Stiepermann,0,0,32,1173,32,188.1,120.2,277,58.5,1,50,7694,Marco Stiepermann,1201,1.293781566,0.937404895,19,12,6,1.293781566,5.158773828,3.412886145
Marcos Alonso,4,4,100,1429,18,413.4,411.8,420,124.3,7,61,1621,Marcos Alonso,1436,2.546826496,2.991487339,30,25,4,2.546826496,10.60677864,7.111681357
Marcus Rashford,17,8,177,2645,29,563.7,887,1265,271.7,9,89,556,Marcus Rashford,2673,19.50372761,5.457172869,95,33,3,13.41441368,20.24479784,5.906573037
Mario Vrancic,1,0,29,624,19,107.9,123,123,35.4,0,62,12,Mario Vrancic,613,1.097883802,1.030054159,14,7,3,1.097883802,1.720390306,1.226145415
Mark Noble,4,4,105,2675,44,602.2,542.2,164,131.1,7,49,533,Mark Noble,2709,2.773826021,3.181472189,17,44,5,0.490319523,10.03794243,7.929711479
Mart�n Montoya,0,1,62,1892,32,338,337.4,177,85.5,6,43,1950,Martín Montoya,1912,1.434309933,1.942305795,8,21,5,1.434309933,6.852791702,4.159861935
Martin Dubravka,0,0,143,3420,58,0,1019,0,102,11,51,6532,Martin Dubravka,3420,0,0,0,0,0,0,2.55671307,2.55671307
Martin Kelly,0,1,64,1547,16,96.5,305.4,15,41.7,6,41,525,Martin Kelly,1554,0.060972406,0.833954088,2,6,0,0.060972406,2.381859912,2.184050214
Marvelous Nakamba,0,0,43,1826,37,162.9,292.2,24,47.9,1,44,8040,Marvelous Nakamba,1836,0.131544667,0.54774553,7,12,5,0.131544667,4.796764562,4.29724895
Mason Greenwood,10,1,103,1303,13,222.7,449.6,502,117,6,48,7490,Mason Greenwood,1304,3.387857363,1.411507794,39,14,0,3.387857363,8.516980451,4.284458378
Mason Holgate,0,4,71,2052,34,63.9,465.4,152,68.3,5,42,985,Mason Holgate,2047,1.405400881,1.122264192,12,4,5,1.405400881,6.361287424,5.70923648
Mason Mount,7,6,137,2865,44,814,641.2,974,242.8,9,60,7768,Mason Mount,2894,7.49783041,5.258456767,78,52,3,7.49783041,16.87500463,8.520663107
Matej Vydra,2,1,39,807,7,113.3,144.2,273,53.3,5,51,1017,Matej Vydra,794,4.003597118,0.745943146,18,8,0,4.003597118,5.321380101,0.667027811
Mateo Kovacic,1,3,68,2065,37,458.5,497,186,114,4,53,2254,Mateo Kovacic,2086,0.972659864,1.848453196,21,28,8,0.972659864,10.1122225,9.035377033
Mathew Ryan,0,0,135,3420,54,0,1000,0,100.1,9,47,2385,Mat Ryan,3420,0,0,0,0,0,0,4.315608842,4.315608842
Matt Doherty,4,8,167,2836,31,340.5,576.2,681,160,12,65,6852,Matt Doherty,2842,6.484134657,2.127985888,34,21,1,6.484134657,14.1650483,7.663296996
Matt Ritchie,2,1,74,1312,19,482.7,285.4,218,98.6,8,53,461,Matt Ritchie,1321,1.510739537,2.345365051,26,32,4,0.749570664,2.739802847,1.418419342
Matt Targett,1,3,80,2291,40,432.9,503.8,130,106.9,5,43,884,Matt Targett,2305,0.393544301,3.29992317,7,29,4,0.393544301,7.988193564,6.494183116
Matteo Guendouzi,0,2,48,1744,31,235.1,333.6,146,71.6,3,41,5759,Matteo Guendouzi,1744,0.529899552,1.063303284,11,12,6,0.529899552,6.531605005,5.212480575
Matthew Longstaff,2,0,27,572,11,51.6,102.8,49,20.4,1,45,8016,Matthew Longstaff,564,0.696518209,0.189561309,4,3,1,0.696518209,1.106483337,0.250694547
Matthew Lowton,0,1,48,1530,31,181.7,294.2,15,49.2,6,42,1652,Matthew Lowton,1530,0.014243403,1.274649853,1,11,2,0.014243403,3.158141002,2.133144137
Max Meyer,0,0,23,645,11,68.9,68,103,23.8,1,52,338,Max Meyer,641,0.459280848,0.197999787,9,4,1,0.459280848,0.85634793,0.379644135
Maximillian Aarons,0,2,66,3240,71,385.2,566.6,237,119,5,42,7688,Max Aarons,3240,0.650880901,3.895117931,14,23,7,0.650880901,10.05500564,7.378263747
Maya Yoshida,0,0,10,558,18,3.7,96.8,77,17.7,1,41,845,Maya Yoshida,555,0.939902172,0.070446648,5,1,1,0.939902172,0.66534523,0.585985929
Mbwana Samatta,1,0,29,940,18,131.5,67.6,245,44.2,4,51,8287,Mbwana Samatta,962,2.527881511,0.311576586,17,9,1,2.527881511,3.418448895,1.347539343
Mesut �zil,1,3,53,1439,20,582.9,223.6,190,99.8,5,69,499,Mesut Özil,1472,1.70827345,2.287408385,9,37,1,1.70827345,8.399061233,6.210024692
Michael Keane,2,0,90,2556,42,80,666.4,204,95.2,7,52,1653,Michael Keane,2550,2.021645652,0.669338237,14,6,3,2.021645652,5.468895569,4.870126873
Michael Obafemi,3,2,45,655,12,130.7,170.8,235,53.4,3,49,6504,Michael Obafemi,654,2.154612448,1.225346729,12,10,1,2.154612448,2.883793211,0.515165487
Michail Antonio,10,4,111,1767,30,377.4,552.8,1094,201.7,3,71,531,Michail Antonio,1767,13.24954917,3.921495376,68,26,3,12.48838033,13.95970739,2.270155581
Miguel Almir�n,4,2,109,3020,48,450.2,481.6,750,168,12,58,7420,Miguel Almirón,3063,7.755137665,2.901229421,55,31,5,7.755137665,13.8757096,3.989844505
Mohamed Salah,19,10,233,2879,26,834.8,1061.2,2156,405.1,16,125,1250,Mohamed Salah,2904,20.6633187,8.726042524,132,60,1,18.37981213,31.37419793,8.425026853
Moise Kean,2,2,53,830,15,136.5,153.6,429,71.1,1,63,1304,Moise Kean,783,4.140312345,2.337308671,30,10,1,4.140312345,6.865808516,1.085837044
Morgan Schneiderlin,0,0,18,998,20,78.5,143.2,32,25.5,1,44,551,Morgan Schneiderlin,1014,0.33733923,0.128483865,6,4,4,0.33733923,3.29388931,3.029687347
Moritz Leitner,0,0,16,683,16,127.7,106.8,53,28.8,1,43,1217,Moritz Leitner,689,0.217812099,0.363968546,8,7,1,0.217812099,4.27574962,3.830889788
Moussa Djenepo,2,2,40,920,14,153.4,224.4,252,62.9,2,52,7701,Moussa Djenepo,920,2.240286709,2.051112972,20,11,4,2.240286709,5.601651658,2.570022599
Moussa Sissoko,2,1,69,2451,31,275.7,346,189,81,7,48,772,Moussa Sissoko,2466,2.539252415,1.695646325,15,16,8,2.539252415,8.974991187,5.875649888
Nabil Bentaleb,0,0,19,747,16,101,104.6,20,22.5,2,47,914,Nabil Bentaleb,750,0.061912496,0.195301443,4,8,2,0.061912496,1.951648861,1.763133751
Naby Keita,2,3,52,806,8,234.7,281.8,169,68.7,5,58,5247,Naby Keita,812,1.72337391,3.215543868,12,15,1,1.72337391,9.588453019,5.729767522
Nathan Ak�,2,2,79,2503,46,92.7,691.2,326,111,4,48,579,Nathan Aké,2503,3.051247042,1.962919146,25,7,2,3.051247042,3.545500601,2.957154842
Nathan Redmond,4,4,107,2763,51,539.1,517.2,752,181.2,7,62,790,Nathan Redmond,2781,5.287322389,3.624410872,59,38,2,5.287322389,13.67461494,6.087857706
Nathaniel Chalobah,0,1,36,919,14,130.3,162.2,55,34.5,2,44,1677,Nathaniel Chalobah,915,0.498691982,1.616138004,9,9,1,0.498691982,2.396554895,1.413669633
Neal Maupay,10,3,131,2763,36,369.2,518.6,1519,240.5,8,57,3621,Neal Maupay,2782,13.55854326,2.50613138,96,25,3,12.03620561,13.85504301,3.483616909
Neil Taylor,0,0,22,1088,25,79.7,157.6,29,26.7,2,42,710,Neil Taylor,1085,0.126853712,0.470634729,3,5,2,0.126853712,2.888129717,2.387244208
Nemanja Matic,0,2,55,1578,13,250.3,357.4,53,66.2,10,48,697,Nemanja Matic,1586,0.234302808,0.894650754,7,15,2,0.234302808,9.277427122,8.34947345
N'Golo Kant�,3,0,57,1730,25,424.5,422.8,214,106.3,3,50,751,N&#039;Golo Kanté,1733,1.543912956,1.520271977,18,27,4,1.543912956,7.209238461,4.837984517
Nick Pope,0,0,170,3420,50,30.3,900,2,93.1,15,52,5552,Nick Pope,3420,0,0.199706264,0,3,1,0,2.249560819,2.087928255
Nicolas P�p�,5,6,106,2004,30,639.4,500.2,624,176.5,5,89,611,Nicolás Otamendi,1705,2.054820953,0.177584189,15,4,3,2.054820953,10.63932938,10.6018526
Nicol�s Otamendi,2,1,82,1710,21,65.5,443.6,319,82.7,7,48,5656,Nicolas Pepe,2021,5.069305271,4.904219791,50,39,4,4.308136463,10.92423006,4.814494099
Oleksandr Zinchenko,0,0,49,1271,15,375.8,232,102,71.2,6,52,2958,Oleksandr Zinchenko,1265,0.477002002,2.093007034,16,20,0,0.477002002,10.34460018,9.809206281
Oliver McBurnie,6,1,86,2105,25,186.9,424.4,830,143.7,9,55,1736,Oliver McBurnie,2123,8.068319182,1.135003555,50,10,4,8.068319182,10.19457241,3.94750442
Oliver Norwood,1,3,98,3089,36,808.8,608.4,100,151.8,13,47,7710,Oliver Norwood,3119,1.338301325,3.879922425,17,49,8,0.577132502,9.95460359,9.053664204
Olivier Giroud,8,1,68,988,16,144.8,316.2,598,105.4,6,67,502,Olivier Giroud,1015,7.400897581,1.388366647,39,8,1,7.400897581,9.754190691,2.356766097
Ondrej Duda,0,1,24,723,9,261.6,115.8,105,48.3,3,44,5240,Ondrej Duda,737,0.531972069,1.533667382,10,16,0,0.531972069,1.988604669,1.073986618
Onel Hern�ndez,1,2,52,1374,32,235.5,227.2,445,90.5,1,53,7697,Onel Hernández,1377,1.912150758,0.916231917,29,20,0,1.912150758,3.505056273,0.898457749
Oriol Romeu Vidal,0,0,51,1855,38,272.9,333.2,69,67.6,5,43,842,Oriol Romeu,1865,0.197261868,1.717230167,8,19,5,0.197261868,4.205227051,3.239068473
Pablo Fornals,2,6,93,2167,35,359.7,350.4,381,109.2,6,60,2335,Pablo Fornals,2190,2.643427435,2.299053127,36,19,3,2.643427435,7.556359051,4.66950362
Pablo Zabaleta,0,0,10,588,14,50.5,110.4,12,17.4,0,41,610,Pablo Zabaleta,585,0,0.602839664,0,3,2,0,2.176807106,2.176807106
Pascal Gro�,2,5,76,1791,32,908.5,388.2,323,161.6,3,62,239,Pascal Groß,1812,1.456096993,5.954704691,29,59,4,1.456096993,8.312001303,6.019404186
Patrick van Aanholt,3,2,109,2507,38,516,531.2,285,133.4,8,56,730,Patrick van Aanholt,2517,2.040342808,3.554437162,27,32,0,1.27917397,5.900496691,4.38724837
Paul Dummett,0,0,44,1227,20,63.1,265.2,50,37.7,5,43,853,Paul Dummett,1229,0.024163909,0.198086363,2,4,2,0.024163909,1.695327315,1.570717792
Paul Pogba,1,4,51,1202,9,420,295.8,193,91,6,83,1740,Paul Pogba,1206,2.150869158,3.056191713,22,30,1,1.3897003,8.765662774,7.231568899
Paulo Gazzaniga,0,0,58,1612,26,10,449.8,0,46.1,2,41,973,Paulo Gazzaniga,1612,0,0.40006125,0,1,1,0,2.299613006,1.899551746
Pedro Lomba Neto,3,3,57,920,12,232,227.8,260,71.8,1,49,6382,Pedro Neto,911,1.89344776,2.62621755,17,14,3,1.89344776,7.689651545,4.652863253
Pedro Rodr�guez Ledesma,1,2,32,659,12,227.1,161.4,349,73.8,2,68,687,Pedro,661,2.472474996,1.070755158,22,17,1,2.472474996,4.754026404,1.556944458
Phil Bardsley,0,2,78,1890,19,164,350.6,109,62.5,9,44,857,Phil Bardsley,1890,0.290977373,1.579568287,11,9,6,0.290977373,3.418901121,1.851011215
Phil Foden,5,2,69,888,7,301.6,312.2,466,108.1,4,55,6055,Phil Foden,888,3.556829678,1.559080383,34,18,0,3.556829678,9.372164931,5.848771423
Philip Billing,1,1,68,2526,41,239.8,545.4,342,112.9,5,49,6034,Philip Billing,2542,2.274695073,1.434430819,33,15,8,2.274695073,6.9989503,5.092857507
Pierre-Emerick Aubameyang,22,5,205,3136,44,479.6,1006,1369,285.2,10,109,318,Pierre-Emerick Aubameyang,3143,16.35262308,4.492486916,93,26,3,14.83035899,19.96428204,5.339657471
Pierre-Emile H�jbjerg,0,3,75,2750,51,469,493,368,133.1,7,48,343,Pierre-Emile Højbjerg,2740,3.178929548,1.859895162,46,30,5,3.178929548,11.66362042,8.348503056
Raheem Sterling,20,6,204,2651,31,751.3,921.6,1829,350.2,13,120,618,Raheem Sterling,2678,19.79990648,7.208586285,100,48,5,18.27756875,31.44201034,10.1859974
Ra�l Jim�nez,17,7,194,3241,36,668.2,911.6,1680,325.4,15,80,6856,Rúben Vinagre,625,0.287852935,0.61947776,5,4,1,0.287852935,2.434099624,1.959365288
Reece James,0,2,61,1510,23,428.8,343.6,143,91.8,5,49,8067,Reece James,1512,0.819267087,3.181412563,18,25,1,0.819267087,7.329804063,6.209257852
Reiss Nelson,1,1,30,622,7,148.3,110.4,185,44.4,2,53,6492,Reiss Nelson,621,1.273586929,0.362936071,11,9,1,1.273586929,1.928011604,0.75988852
R�ben Diogo da Silva Neves,2,2,97,3053,35,445.4,538.6,307,129.1,13,52,4105,Raúl Jiménez,3269,16.51079802,7.226940844,117,48,3,13.46612261,22.56023952,5.70953264
R�ben Gon�alo Silva Nascimento Vinagre,0,0,32,644,6,96.2,130.4,56,28.1,3,41,6853,Rúben Neves,3081,1.638083691,2.606093884,61,29,9,1.638083691,13.92579463,11.20146191
Ricardo Domingos Barbosa Pereira,3,2,123,2520,27,446.5,738,235,141.9,10,62,3303,Ricardo Pereira,2520,1.265233166,4.018951585,18,27,1,1.265233166,11.05981785,8.115902204
Richarlison de Andrade,13,5,165,3070,51,478.1,814.6,1233,252.3,9,82,6026,Richarlison,3100,9.842966288,6.668134376,89,34,8,9.842966288,16.45974978,5.198306467
Riyad Mahrez,11,14,175,1934,15,885.8,814.2,1094,279.5,10,86,750,Riyad Mahrez,1938,8.649655679,11.0598491,74,60,0,7.888486816,27.76552989,13.28588094
Rob Holding,0,0,16,580,9,4.8,133.6,19,15.8,1,44,1749,Rob Holding,576,0.109356366,0,2,0,1,0.109356366,0.44364161,0.44364161
Robbie Brady,1,2,32,445,10,102.1,118.6,128,34.9,1,55,789,Robbie Brady,436,0.996500198,0.317549739,12,9,1,0.996500198,1.495762873,0.888665825
Robert Snodgrass,5,5,87,1504,33,552.1,422.2,320,129.7,3,50,1691,Robert Snodgrass,1522,2.386507551,3.732901038,21,33,4,2.386507551,6.512247741,3.524154721
Roberto Firmino,9,9,155,2985,26,703,733.6,1638,307.5,16,93,482,Roberto Firmino,3035,16.68622903,7.346656004,98,52,0,16.68622903,28.27110092,9.463312279
Roberto Jimenez Gago,0,0,18,686,17,0,239,0,23.9,0,44,5087,Roberto Jiménez,687,0,0,0,0,0,0,0.122903097,0.122903097
Roberto Pereyra,3,0,60,1641,27,293.4,237.8,350,88,5,56,1723,Roberto Pereyra,1656,3.146885926,1.360024405,21,20,4,2.385717059,4.776893117,1.625991831
Rodrigo Hernandez,3,2,92,2480,27,532.6,599.2,193,132.3,14,53,2496,Rodri,2488,0.744079132,2.910293031,24,33,8,0.744079132,22.69725015,21.21717443
Romain Sa�ss,2,2,103,2703,34,160.7,621.2,298,108.1,10,47,3491,Romain Saiss,2702,3.669838863,1.232471075,23,12,10,3.669838863,10.52178424,9.557376709
Ross Barkley,1,5,61,1095,14,344.3,266,373,98.2,5,56,592,Ross Barkley,1100,2.844964333,2.860243557,40,24,0,2.844964333,10.34183406,6.369961686
Rui Pedro dos Santos Patr�cio,0,0,153,3420,40,0,741,0,74.3,13,53,6849,Rui Patrício,3420,0,0,0,0,0,0,2.798100628,2.798100628
Ryan Bennett,0,0,32,932,17,41,161.4,16,21.8,3,48,787,Ryan Bennett,941,0.023915293,0.090542471,1,2,2,0.023915293,2.269687807,2.179145319
Ryan Bertrand,1,1,75,2742,52,538.5,436.8,234,121.1,7,48,835,Ryan Bertrand,2742,2.061922902,3.522444122,19,30,3,2.061922902,8.074736882,5.929432241
Ryan Fraser,1,5,73,2061,34,627.1,355.6,440,141.9,4,68,1683,Ryan Fraser,2054,3.464270564,3.600613408,27,44,2,3.464270564,9.423755504,4.503551122
Ryan Fredericks,0,3,74,2235,39,333.7,491.2,76,90.5,7,44,6891,Ryan Fredericks,2236,0.127229913,2.988232175,3,22,7,0.127229913,6.535195041,5.442850385
Ryan Sessegnon,0,0,9,341,5,39.9,45.4,34,11.9,0,54,6837,Ryan Sessegnon,341,0.092631869,0.04794934,1,2,0,0.092631869,0.525665015,0.401522592
Sadio Man�,18,10,221,2745,28,826.6,1010.2,1239,307.7,12,121,838,Sadio Mané,2761,14.5774829,7.235693477,77,59,3,14.5774829,25.0732052,6.767014004
Sam Byram,0,0,32,1292,23,109.2,273.2,218,60.2,3,43,902,Sam Byram,1292,2.1922906,0.362093257,15,6,4,2.1922906,2.703712672,1.785952821
Sander Berge,1,1,40,943,11,66,152.4,82,30.3,4,47,8285,Sander Berge,957,0.600753397,0.714387499,5,2,0,0.600753397,2.358915487,1.210157955
Scott Dann,0,1,51,1264,14,58.3,250.2,177,48.6,5,43,512,Scott Dann,1263,0.470208034,0.357471921,8,5,0,0.470208034,1.343574991,1.24332051
Scott McTominay,3,2,74,1765,20,238.4,415.6,310,96.4,3,48,5560,Scott McTominay,1771,2.021982869,1.431213997,29,16,2,2.021982869,5.719030224,4.453569738
Sead Kolasinac,0,2,55,1694,26,182.5,269.6,81,53,4,52,342,Sead Kolasinac,1687,0.254988368,1.334303726,4,10,4,0.254988368,8.028099369,7.041231651
Seamus Coleman,0,1,55,1833,29,149,321.2,175,64.6,5,53,585,Seamus Coleman,1847,0.849416483,1.51880146,8,9,3,0.849416483,6.014101095,4.155801463
Sean Longstaff,1,2,44,1370,26,217.1,235.8,155,60.8,2,50,7078,Sean Longstaff,1354,1.177616231,0.933659235,25,15,2,1.177616231,2.805940805,2.136907784
Serge Aurier,1,7,124,2699,33,508.1,655.2,252,141.6,9,51,3600,Serge Aurier,2716,0.484774435,3.602312015,13,33,2,0.484774435,10.13218842,6.796362123
Sergio Ag�ero,16,6,132,1449,18,256.4,641.2,1188,208.2,5,116,619,Sergio Agüero,1462,15.55750033,2.92020883,76,19,1,13.27403068,16.878254,2.644766173
Shane Duffy,1,0,44,1232,18,29.8,288,100,41.8,3,48,6047,Shane Duffy,1226,1.256109475,0.134076677,7,2,2,1.256109475,2.052322952,1.914412258
Shane Long,2,3,62,1386,20,264.8,190.8,536,99.4,5,46,839,Shane Long,1403,4.529592359,2.581097551,33,20,0,4.529592359,5.49615946,0.839786405
Shkodran Mustafi,0,2,43,1205,17,45.5,277.2,155,47.9,4,51,1699,Shkodran Mustafi,1208,0.56802573,0.575872842,11,3,2,0.56802573,4.499947272,3.967217229
S�bastien Haller,7,3,102,2259,41,354.5,450.4,1012,180.9,5,68,6144,Sébastien Haller,2248,8.484900782,2.34311852,57,24,1,8.484900782,11.10297738,2.639706139
Simon Francis,0,0,16,964,21,64.4,263.8,72,40.2,1,43,456,Simon Francis,956,0.154519947,0.421538654,3,4,3,0.154519947,1.762463287,1.679096295
Sofiane Boufal,0,3,34,753,17,203.7,149.4,267,62,1,55,1734,Sofiane Boufal,746,1.014551141,2.698258985,18,15,2,1.014551141,6.150288098,3.549865828
Sokratis Papastathopoulos,2,0,57,1696,25,36.8,436.2,110,58.5,4,48,371,Sokratis,1698,1.450504782,0.752975643,7,2,6,1.450504782,4.342151602,4.342151602
Solomon March,0,1,38,1139,15,239.6,189.4,274,70.4,4,46,6049,Solly March,1132,1.466960359,1.106579943,20,13,2,1.466960359,4.376131753,2.265023034
Steve Cook,1,0,52,2427,48,51.5,557.2,159,77.2,3,50,458,Steve Cook,2431,0.619080873,0.696019074,12,4,6,0.619080873,3.923743866,3.797908239
Steven Alzate,0,0,33,1181,18,214.1,202,205,62.3,3,44,8020,Steven Alzate,1175,1.057683419,0.815260611,13,14,1,1.057683419,3.489716358,1.868018886
Steven Bergwijn,3,1,43,699,9,187.3,174.2,147,50.8,2,69,8300,Steven Bergwijn,698,1.178315811,1.128514307,9,13,2,1.178315811,2.955224387,1.403716724
Stuart Armstrong,5,4,98,1706,25,274.9,418.2,431,112.4,7,52,6893,Stuart Armstrong,1711,3.11444089,2.009652604,46,18,4,3.11444089,7.972702118,3.845191848
Tammy Abraham,15,6,153,2206,34,283.2,659.6,1301,223.3,7,73,702,Tammy Abraham,2233,18.08280155,2.913048159,88,21,2,18.08280155,19.84191975,1.546150887
Tanguy Ndombele,2,2,45,1002,17,194.8,274.2,122,59.2,1,58,5962,Tanguy NDombele Alvaro,1002,0.352954987,0.797504509,9,12,3,0.352954987,5.340641292,4.963011069
Tariq Lamptey,0,1,26,619,8,82.1,91.8,27,20.2,3,41,8226,Tariq Lamptey,624,0.071200705,1.149046749,2,7,2,0.071200705,1.177601799,0.595980626
Teemu Pukki,11,3,139,2884,59,379.5,545,1202,211.8,6,64,7696,Teemu Pukki,2908,11.52434513,3.619015418,80,30,3,10.00200744,14.75146576,2.368442303
Theo Walcott,2,4,63,1281,19,289.1,225,521,103.7,4,62,503,Theo Walcott,1310,3.480837341,3.973367289,31,19,1,3.480837341,8.397085671,2.607158581
Tim Krul,0,0,109,3240,68,0,1063,0,106.3,5,46,982,Tim Krul,3240,0,0,0,0,4,0,3.515048135,3.515048135
Timm Klose,0,0,9,585,13,2.6,121.2,42,16.6,0,43,162,Timm Klose,591,0.238488443,0,3,0,0,0.238488443,0.465436429,0.465436429
Toby Alderweireld,2,2,97,2957,39,196,773.6,182,115.2,7,53,639,Toby Alderweireld,2959,0.455598175,1.227394369,15,11,7,0.455598175,8.16016544,7.056380756
Todd Cantwell,6,2,111,2484,54,493.1,516.4,656,165.9,6,45,7695,Todd Cantwell,2528,5.67504898,2.318530723,42,36,6,5.67504898,11.00510229,3.805257322
Tom Cleverley,1,0,33,964,26,219.2,174.8,221,61.6,1,48,596,Tom Cleverley,952,1.780070141,0.718299311,17,15,2,1.780070141,4.647144553,2.588178956
Tom Davies,1,1,59,2020,34,122.6,270.4,262,65.5,5,53,1042,Tom Davies,2025,1.640247686,0.534478981,17,6,8,1.640247686,6.296167247,5.533327963
Tom Heaton,0,0,59,1794,35,0.3,507.4,0,50.7,4,43,1651,Tom Heaton,1797,0,0,0,0,0,0,2.095072572,2.095072572
Tom Trybull,0,0,28,1128,25,55.4,198.2,92,34.7,2,43,7692,Tom Trybull,1159,0.444253732,0.150019223,11,3,2,0.444253732,3.487555966,3.333414488
Tomas Soucek,3,0,41,1039,18,73.1,254.2,293,62.1,1,48,8288,Tomas Soucek,1042,2.418374024,0.343255243,20,5,0,2.418374024,3.873195863,2.18582924
Trent Alexander-Arnold,4,15,210,3173,32,1380.3,1026.8,420,282.8,14,77,1791,Trent Alexander-Arnold,3183,3.084460795,11.16696645,45,86,5,3.084460795,20.63668835,13.59704936
Troy Deeney,10,2,109,2224,39,378.5,536,801,171.4,6,62,574,Troy Deeney,2253,11.5891938,3.735703023,45,29,3,7.022180714,11.63246354,3.334597505
Tyrone Mings,2,2,90,2902,53,87.3,758,119,96.6,6,44,1024,Tyrone Mings,2902,0.916615589,0.571324751,8,7,7,0.916615589,5.111491244,5.068004783
Valentino Lazaro,1,0,19,472,13,88.1,84.2,38,21,0,53,6352,Valentino Lazaro,455,0.493495911,0.177998118,4,6,0,0.493495911,1.674845499,1.188800973
Vicente Guaita,0,0,137,3150,42,0,827.2,0,82.6,10,49,2190,Vicente Guaita,3150,0,0,0,0,1,0,1.85564624,1.85564624
Victor Lindel�f,1,0,116,3092,32,73.6,554,79,70.7,12,53,6080,Victor Lindelöf,3100,0.184089841,0.370490724,6,4,6,0.184089841,8.878299836,8.868012652
Virgil van Dijk,5,2,178,3420,33,152.4,930.2,467,154.8,15,65,833,Virgil van Dijk,3420,2.957816191,1.133436341,31,7,1,2.957816191,15.30970481,14.67371491
Wes Morgan,0,0,19,430,6,2.1,85.8,58,14.5,1,41,748,Wes Morgan,418,0.596381508,0,4,0,0,0.596381508,1.203891873,0.750761524
Wesley Moraes,5,1,67,1782,31,169.8,296.2,632,108.3,6,54,7724,Wesley,1806,7.270558223,0.88361604,36,11,3,6.509389266,8.00793588,2.674764636
Wilfred Ndidi,2,1,85,2671,32,254.4,611.6,205,107.2,12,50,5545,Wilfred Ndidi,2679,1.727271575,0.591665608,26,15,6,1.727271575,10.07984419,9.054951645
Wilfried Zaha,4,6,120,3279,46,588,572,1103,226.4,9,66,522,Wilfried Zaha,3276,4.932660915,3.744230918,61,37,5,4.932660915,11.8298114,4.58950951
Will Hughes,1,1,62,2249,46,413.1,352.2,270,103.6,5,53,6104,Will Hughes,2300,2.388311027,2.177314872,27,25,9,2.388311027,6.430044917,3.398619475
William Smallbone,0,2,24,389,4,53.2,70.2,43,16.5,3,45,8224,William Smallbone,401,0.295870839,0.172170985,6,3,0,0.295870839,1.059664447,0.633246521
Willian Borges Da Silva,9,9,168,2595,35,1177.7,834.8,930,294.6,10,73,700,Willian,2609,8.135337461,8.679427238,71,76,4,5.090662114,18.40935368,10.22761222
Willy Boly,0,1,97,1980,15,85.8,477,119,68.4,12,49,6850,Willy Boly,1980,0.233208632,1.024592873,5,7,1,0.233208632,4.820769167,3.924917588
Willy Caballero,0,0,13,450,7,0,90.2,0,9,1,48,624,Willy Caballero,450,0,0,0,0,0,0,0.146980567,0.146980567
Yan Valery,0,1,18,778,20,44.2,112,77,23.3,1,46,7280,Yan Valery,796,0.25615729,1.143116295,3,2,1,0.25615729,3.589541728,2.753902258
Yerry Mina,2,1,78,2281,37,87.2,535.4,422,104.4,5,53,6521,Yerry Mina,2276,3.081726124,1.717646929,30,7,3,3.081726124,4.244191146,3.931434541
Youri Tielemans,3,6,117,2823,35,805.4,566.6,502,187.6,12,61,5956,Youri Tielemans,2849,2.792380987,5.186099678,56,53,2,2.792380987,17.10386308,11.13155375
Yves Bissouma,1,0,39,1253,18,110.6,238.8,101,45.1,4,50,5609,Yves Bissouma,1270,0.405424524,0.135740923,16,4,4,0.405424524,3.369020504,2.931570133
